positive|P02647|APO,0.105263157894737,0.0112781954887218,0.093984962406015,0.056390977443609,0.0864661654135338,0.018796992481203,0.0075187969924812,0.0112781954887218,0.0150375939849624,0.0225563909774436,0.0864661654135338,0.0075187969924812,0.0112781954887218,0.0338345864661654,0.0300751879699248,0.0639097744360902,0.018796992481203,0.0225563909774436,0.0300751879699248,0.037593984962406,0.075187969924812,0.0300751879699248,0.0300751879699248,0.037593984962406,0.056390977443609
positive|P34928|APO,0.149425287356322,0.0344827586206897,0.0804597701149425,0.0459770114942529,0.126436781609195,0.0344827586206897,0.0114942528735632,0,0,0.0229885057471264,0.0919540229885057,0,0,0.0344827586206897,0.0344827586206897,0.0459770114942529,0.0114942528735632,0.0459770114942529,0.0114942528735632,0.0114942528735632,0.103448275862069,0.0114942528735632,0.0344827586206897,0.0344827586206897,0.0229885057471264
positive|P02655|APO,0.16,0.05,0.04,0.02,0.11,0.03,0.01,0,0.03,0.03,0.03,0,0,0.02,0.03,0.03,0,0.02,0.03,0.03,0.12,0.04,0.02,0.02,0.13
positive|P09813|APO,0.168316831683168,0.0198019801980198,0.0693069306930693,0.0396039603960396,0.108910891089109,0.0099009900990099,0.0297029702970297,0,0.0099009900990099,0.0297029702970297,0.0297029702970297,0,0.0099009900990099,0.0198019801980198,0.0495049504950495,0.0495049504950495,0.0099009900990099,0.0297029702970297,0.0099009900990099,0.0099009900990099,0.138613861386139,0.0198019801980198,0.0099009900990099,0.0297029702970297,0.099009900990099
positive|Q9BWW8|APO,0.14327485380117,0.0350877192982456,0.0584795321637427,0.0380116959064327,0.131578947368421,0.0263157894736842,0.00584795321637427,0.0116959064327485,0.00584795321637427,0.0146198830409357,0.0730994152046784,0.0087719298245614,0.0175438596491228,0.0321637426900585,0.0292397660818713,0.0526315789473684,0.0087719298245614,0.0263157894736842,0.0409356725146199,0.0116959064327485,0.108187134502924,0.00584795321637427,0.0467836257309941,0.0233918128654971,0.043859649122807
positive|O95236|APO,0.154613466334165,0.0249376558603491,0.0523690773067332,0.0448877805486284,0.124688279301746,0.0249376558603491,0.00997506234413965,0.0149625935162095,0.00997506234413965,0.0199501246882793,0.0523690773067332,0.00748129675810474,0.0249376558603491,0.0199501246882793,0.027431421446384,0.0523690773067332,0.00748129675810474,0.0149625935162095,0.0199501246882793,0.0124688279301746,0.114713216957606,0.029925187032419,0.027431421446384,0.0124688279301746,0.0947630922693267
positive|P55056|APO,0.119047619047619,0.0238095238095238,0.0555555555555556,0.0238095238095238,0.134920634920635,0.0158730158730159,0.0317460317460317,0.00793650793650794,0.00793650793650794,0.0238095238095238,0.0714285714285714,0.00793650793650794,0.00793650793650794,0.0396825396825397,0.0317460317460317,0.0396825396825397,0,0.0158730158730159,0.00793650793650794,0.0317460317460317,0.111111111111111,0.0238095238095238,0.0714285714285714,0.0158730158730159,0.0793650793650794
positive|Q8C7G5|APO,0.138964577656676,0.0299727520435967,0.0599455040871935,0.0408719346049046,0.106267029972752,0.0245231607629428,0.00272479564032698,0.00544959128065395,0.00817438692098093,0.0163487738419619,0.0599455040871935,0,0.0245231607629428,0.0136239782016349,0.0463215258855586,0.0572207084468665,0.00272479564032698,0.00817438692098093,0.0217983651226158,0.0463215258855586,0.0953678474114441,0.0217983651226158,0.0463215258855586,0.0517711171662125,0.0708446866485014
positive|O53493|PPM,0.235967926689576,0.0366552119129439,0.0378006872852234,0.0412371134020619,0.120274914089347,0.0435280641466208,0.00687285223367698,0.00687285223367698,0.00229095074455899,0.0217640320733104,0.0458190148911798,0.00687285223367698,0.0171821305841924,0.0103092783505155,0.0297823596792669,0.0400916380297824,0.00687285223367698,0.011454753722795,0.00687285223367698,0.0206185567010309,0.105383734249714,0.0240549828178694,0.0366552119129439,0.0263459335624284,0.0584192439862543
positive|Q9BWW9|APO,0.175925925925926,0.0277777777777778,0.0625,0.0277777777777778,0.122685185185185,0.025462962962963,0.00694444444444444,0.00462962962962963,0.00694444444444444,0.0162037037037037,0.0555555555555556,0.00231481481481481,0.0300925925925926,0.0185185185185185,0.0416666666666667,0.0439814814814815,0.00231481481481481,0.0115740740740741,0.0138888888888889,0.0185185185185185,0.113425925925926,0.0208333333333333,0.0393518518518519,0.0231481481481481,0.087962962962963
positive|O42363|APO,0.114942528735632,0.0229885057471264,0.0498084291187739,0.0842911877394636,0.0881226053639847,0.0268199233716475,0,0.0153256704980843,0.0114942528735632,0.0153256704980843,0.0727969348659004,0.00766283524904215,0.0114942528735632,0.0191570881226054,0.0306513409961686,0.0383141762452107,0.0191570881226054,0.0229885057471264,0.0268199233716475,0.0613026819923372,0.10727969348659,0.0191570881226054,0.0421455938697318,0.0268199233716475,0.0651340996168582
positive|Q9BUR5|MIC,0.142131979695431,0.0609137055837563,0.0355329949238579,0.0304568527918782,0.101522842639594,0.0456852791878173,0.0101522842639594,0.0152284263959391,0.0101522842639594,0.0456852791878173,0.050761421319797,0.0101522842639594,0.0152284263959391,0.0101522842639594,0.0304568527918782,0.0203045685279188,0.0101522842639594,0.0050761421319797,0.0203045685279188,0.0304568527918782,0.106598984771574,0.0355329949238579,0.050761421319797,0.0152284263959391,0.0913705583756345
positive|Q96LR9|APL,0.18705035971223,0.0287769784172662,0.0683453237410072,0.0431654676258993,0.115107913669065,0.0107913669064748,0.0143884892086331,0.00719424460431655,0,0.0215827338129496,0.0935251798561151,0.00719424460431655,0.0323741007194245,0.0179856115107914,0.0179856115107914,0.0323741007194245,0.00359712230215827,0.0143884892086331,0.00359712230215827,0.0287769784172662,0.115107913669065,0.00359712230215827,0.0467625899280576,0.0179856115107914,0.0683453237410072
positive|G5BQH4|APO,0.122641509433962,0.0566037735849057,0.0283018867924528,0.0188679245283019,0.160377358490566,0.0566037735849057,0.0188679245283019,0.00943396226415094,0.00943396226415094,0.0188679245283019,0.0566037735849057,0.00943396226415094,0,0,0.00943396226415094,0.0471698113207547,0.0188679245283019,0.00943396226415094,0.0188679245283019,0.0283018867924528,0.10377358490566,0.00943396226415094,0.0283018867924528,0.0754716981132075,0.0849056603773585
positive|P0DMT9|APO,0.217948717948718,0.0384615384615385,0.0512820512820513,0.0641025641025641,0.0769230769230769,0.0128205128205128,0.0128205128205128,0.0128205128205128,0.0256410256410256,0.0384615384615385,0.0512820512820513,0.0128205128205128,0,0.0128205128205128,0.0256410256410256,0.0512820512820513,0,0.0384615384615385,0,0.0384615384615385,0.102564102564103,0.0384615384615385,0,0.0256410256410256,0.0512820512820513
positive|P33621|APO,0.0817757009345794,0.00934579439252336,0.0700934579439252,0.0700934579439252,0.0911214953271028,0.0186915887850467,0.00467289719626168,0.00700934579439252,0.00233644859813084,0.014018691588785,0.0817757009345794,0,0.014018691588785,0.0327102803738318,0.0233644859813084,0.0537383177570093,0.00700934579439252,0.0257009345794393,0.0210280373831776,0.0700934579439252,0.0841121495327103,0.0257009345794393,0.0350467289719626,0.0514018691588785,0.105140186915888
positive|P0DMT8|APO,0.183908045977011,0.0114942528735632,0.0689655172413793,0.0574712643678161,0.0344827586206897,0.0229885057471264,0.0114942528735632,0.0229885057471264,0,0.0229885057471264,0.0574712643678161,0.0114942528735632,0.0114942528735632,0.0459770114942529,0.0574712643678161,0.0114942528735632,0.0114942528735632,0.0344827586206897,0,0.0919540229885057,0.0804597701149425,0.0344827586206897,0.0459770114942529,0.0459770114942529,0.0229885057471264
positive|O42364|APO,0.117857142857143,0.00714285714285714,0.0571428571428571,0.0464285714285714,0.135714285714286,0.0214285714285714,0.00714285714285714,0,0.00357142857142857,0.0214285714285714,0.0428571428571429,0.0107142857142857,0.0107142857142857,0.0285714285714286,0.025,0.0821428571428571,0,0.0178571428571429,0.0178571428571429,0.0321428571428571,0.1,0.0285714285714286,0.0321428571428571,0.0535714285714286,0.1
positive|O42175|APO,0.138996138996139,0.0193050193050193,0.0579150579150579,0.0656370656370656,0.108108108108108,0.0154440154440154,0.00386100386100386,0.0154440154440154,0.00772200772200772,0.0115830115830116,0.0540540540540541,0.00386100386100386,0.00772200772200772,0.0231660231660232,0.0463320463320463,0.0501930501930502,0.0154440154440154,0.0115830115830116,0.027027027027027,0.0463320463320463,0.127413127413127,0.0115830115830116,0.0424710424710425,0.027027027027027,0.0617760617760618
positive|Q8F724|LNT,0.142608695652174,0.0660869565217391,0.0208695652173913,0.031304347826087,0.114782608695652,0.0591304347826087,0.0243478260869565,0.0191304347826087,0.0104347826086957,0.0452173913043478,0.04,0.0121739130434783,0.00869565217391304,0.00869565217391304,0.0347826086956522,0.0295652173913043,0.0104347826086957,0.00869565217391304,0.00347826086956522,0.0295652173913043,0.102608695652174,0.0452173913043478,0.0469565217391304,0.0278260869565217,0.0573913043478261
positive|O83279|LNT,0.207339449541284,0.0752293577981651,0.0348623853211009,0.0293577981651376,0.0917431192660551,0.0715596330275229,0.018348623853211,0.0220183486238532,0.0073394495412844,0.0440366972477064,0.0477064220183486,0.0165137614678899,0.018348623853211,0.0055045871559633,0.0201834862385321,0.0220183486238532,0.0201834862385321,0.0073394495412844,0.00917431192660551,0.0146788990825688,0.0880733944954128,0.0330275229357798,0.0275229357798165,0.0220183486238532,0.0458715596330275
positive|O83432|LNT,0.181328545780969,0.0574506283662478,0.0574506283662478,0.0179533213644524,0.123877917414722,0.0538599640933573,0.0143626570915619,0.0107719928186715,0.00897666068222621,0.0323159784560144,0.0448833034111311,0.00718132854578097,0.0161579892280072,0.00538599640933573,0.0341113105924596,0.0143626570915619,0.00897666068222621,0.00538599640933573,0.00179533213644524,0.0179533213644524,0.143626570915619,0.0323159784560144,0.0179533213644524,0.0143626570915619,0.0771992818671454
positive|O67000|LNT,0.168949771689498,0.0707762557077626,0.0479452054794521,0.0365296803652968,0.089041095890411,0.0776255707762557,0.0205479452054795,0.0159817351598174,0.00684931506849315,0.0570776255707763,0.0547945205479452,0.0182648401826484,0.0182648401826484,0.0159817351598174,0.0159817351598174,0.04337899543379,0.0114155251141553,0.0136986301369863,0.00684931506849315,0.0091324200913242,0.0662100456621005,0.0593607305936073,0.0273972602739726,0.0182648401826484,0.0296803652968037
positive|P61032|LNT,0.183150183150183,0.0604395604395604,0.0476190476190476,0.0311355311355311,0.0952380952380952,0.0732600732600733,0.010989010989011,0.0164835164835165,0.0128205128205128,0.0402930402930403,0.0494505494505494,0.0201465201465201,0.0201465201465201,0.00549450549450549,0.0256410256410256,0.0201465201465201,0.0128205128205128,0.010989010989011,0.00549450549450549,0.0238095238095238,0.0897435897435897,0.0494505494505494,0.0256410256410256,0.0183150183150183,0.0512820512820513
positive|C1DMW2|LNT,0.266019417475728,0.0563106796116505,0.0446601941747573,0.0330097087378641,0.120388349514563,0.0660194174757282,0.0116504854368932,0.00970873786407767,0.00776699029126214,0.0233009708737864,0.0427184466019417,0.0135922330097087,0.0135922330097087,0.00776699029126214,0.0155339805825243,0.0349514563106796,0.00970873786407767,0.0058252427184466,0,0.0155339805825243,0.10873786407767,0.0271844660194175,0.0213592233009709,0.0174757281553398,0.0271844660194175
positive|O51253|LNT,0.155769230769231,0.0538461538461538,0.0480769230769231,0.0346153846153846,0.0923076923076923,0.0653846153846154,0.0230769230769231,0.0173076923076923,0.00769230769230769,0.0423076923076923,0.0403846153846154,0.0153846153846154,0.0153846153846154,0.0115384615384615,0.0365384615384615,0.0230769230769231,0.0115384615384615,0.0134615384615385,0.00769230769230769,0.025,0.1,0.0519230769230769,0.025,0.0192307692307692,0.0634615384615385
positive|Q7VRA5|LNT,0.168905950095969,0.0556621880998081,0.0326295585412668,0.0153550863723608,0.138195777351248,0.0575815738963532,0.0268714011516315,0.0134357005758157,0.00767754318618042,0.0479846449136276,0.0345489443378119,0.0134357005758157,0.0153550863723608,0.00383877159309021,0.0211132437619962,0.0134357005758157,0.00767754318618042,0.00575815738963532,0,0.0153550863723608,0.134357005758157,0.0499040307101727,0.0230326295585413,0.0153550863723608,0.0825335892514395
positive|Q9AC16|LNT,0.270321361058601,0.0453686200378072,0.0472589792060491,0.0340264650283554,0.117202268431002,0.0510396975425331,0.0113421550094518,0.0170132325141777,0.00945179584120983,0.0151228733459357,0.0453686200378072,0.00945179584120983,0.00945179584120983,0.00189035916824197,0.0283553875236295,0.0302457466918715,0.0056710775047259,0.00756143667296786,0,0.0189035916824197,0.11531190926276,0.0321361058601134,0.0132325141776938,0.0170132325141777,0.0472589792060491
positive|Q7WMN7|LNT,0.269230769230769,0.043956043956044,0.0622710622710623,0.0311355311355311,0.102564102564103,0.0457875457875458,0.00549450549450549,0.00366300366300366,0.0146520146520147,0.021978021978022,0.043956043956044,0.0128205128205128,0.0128205128205128,0.00183150183150183,0.032967032967033,0.0293040293040293,0.00732600732600733,0.00549450549450549,0.00183150183150183,0.021978021978022,0.119047619047619,0.021978021978022,0.0201465201465201,0.0164835164835165,0.0512820512820513
positive|Q9PNJ9|LNT,0.152272727272727,0.0681818181818182,0.0295454545454545,0.00909090909090909,0.106818181818182,0.0659090909090909,0.0431818181818182,0.0295454545454545,0.0181818181818182,0.0318181818181818,0.0409090909090909,0.0204545454545455,0.0159090909090909,0.0181818181818182,0.0227272727272727,0.025,0.0113636363636364,0.0113636363636364,0.00454545454545455,0.0181818181818182,0.0795454545454545,0.0454545454545455,0.0340909090909091,0.0204545454545455,0.0772727272727273
positive|Q9PJK8|LNT,0.186691312384473,0.055452865064695,0.0314232902033272,0.0277264325323475,0.11275415896488,0.0628465804066543,0.0295748613678373,0.0166358595194085,0.011090573012939,0.044362292051756,0.0314232902033272,0.0166358595194085,0.0184842883548983,0.00184842883548983,0.0258780036968577,0.022181146025878,0.0129390018484288,0.011090573012939,0.00739371534195933,0.0147874306839187,0.11090573012939,0.0499075785582255,0.0166358595194085,0.0203327171903882,0.0609981515711645
positive|Q820B4|LNT,0.210743801652893,0.0785123966942149,0.0371900826446281,0.00826446280991736,0.115702479338843,0.0743801652892562,0.0185950413223141,0.00619834710743802,0.0103305785123967,0.0392561983471074,0.0351239669421488,0.0103305785123967,0.0165289256198347,0.00413223140495868,0.0268595041322314,0.0165289256198347,0.00206611570247934,0.00826446280991736,0.00413223140495868,0.0185950413223141,0.113636363636364,0.0392561983471074,0.0247933884297521,0.0227272727272727,0.0578512396694215
positive|Q89WA1|LNT,0.257462686567164,0.0634328358208955,0.0466417910447761,0.0335820895522388,0.119402985074627,0.0559701492537313,0.0130597014925373,0.00559701492537313,0.00559701492537313,0.0279850746268657,0.0522388059701493,0.00559701492537313,0.0149253731343284,0.00559701492537313,0.0186567164179104,0.0373134328358209,0.00373134328358209,0.0130597014925373,0,0.00932835820895522,0.115671641791045,0.0223880597014925,0.0167910447761194,0.0186567164179104,0.0373134328358209
positive|Q7VFP7|LNT,0.192982456140351,0.0576441102756892,0.0401002506265664,0.0225563909774436,0.105263157894737,0.0776942355889724,0.0451127819548872,0.0175438596491228,0.025062656641604,0.0225563909774436,0.0451127819548872,0.0175438596491228,0.0050125313283208,0.0100250626566416,0.0150375939849624,0.025062656641604,0.0175438596491228,0.012531328320802,0.0050125313283208,0.0225563909774436,0.075187969924812,0.050125313283208,0.0200501253132832,0.0200501253132832,0.0526315789473684
positive|Q9ZMQ0|LNT,0.179245283018868,0.0660377358490566,0.0283018867924528,0.035377358490566,0.0872641509433962,0.0613207547169811,0.0259433962264151,0.0235849056603774,0.0117924528301887,0.0400943396226415,0.0306603773584906,0.0165094339622642,0.0117924528301887,0.00471698113207547,0.0377358490566038,0.0235849056603774,0.0141509433962264,0.0117924528301887,0.00471698113207547,0.0212264150943396,0.0990566037735849,0.0400943396226415,0.0259433962264151,0.0188679245283019,0.080188679245283
positive|Q8KCC4|LNT,0.197368421052632,0.0488721804511278,0.0394736842105263,0.0338345864661654,0.116541353383459,0.0545112781954887,0.0244360902255639,0.0112781954887218,0.0075187969924812,0.0413533834586466,0.0469924812030075,0.0075187969924812,0.0169172932330827,0.0093984962406015,0.0206766917293233,0.0225563909774436,0.0075187969924812,0.0150375939849624,0.0056390977443609,0.0225563909774436,0.112781954887218,0.0507518796992481,0.0206766917293233,0.0169172932330827,0.0488721804511278
positive|P44626|LNT,0.197696737044146,0.0595009596928983,0.0479846449136276,0.0268714011516315,0.105566218809981,0.0614203454894434,0.0191938579654511,0.00575815738963532,0.00767754318618042,0.0460652591170825,0.0345489443378119,0.0115163147792706,0.0153550863723608,0.00191938579654511,0.0307101727447217,0.017274472168906,0.00959692898272553,0.00383877159309021,0.00191938579654511,0.0249520153550864,0.126679462571977,0.0403071017274472,0.0211132437619962,0.0191938579654511,0.0633397312859885
positive|Q9K0A2|LNT,0.213307240704501,0.0567514677103718,0.0489236790606654,0.0215264187866928,0.105675146771037,0.060665362035225,0.0215264187866928,0.0136986301369863,0.00587084148727984,0.0273972602739726,0.0313111545988258,0.0176125244618395,0.00587084148727984,0.00978473581213307,0.0313111545988258,0.025440313111546,0.00782778864970646,0.00587084148727984,0.00587084148727984,0.0234833659491194,0.113502935420744,0.025440313111546,0.0234833659491194,0.025440313111546,0.0724070450097847
positive|Q7NJV1|LNT,0.284615384615385,0.0634615384615385,0.0442307692307692,0.0326923076923077,0.1,0.0634615384615385,0.0115384615384615,0.00384615384615385,0.00576923076923077,0.0173076923076923,0.0403846153846154,0.00769230769230769,0.0307692307692308,0.00384615384615385,0.0192307692307692,0.0230769230769231,0.00384615384615385,0.00384615384615385,0.00192307692307692,0.0230769230769231,0.111538461538462,0.0173076923076923,0.0192307692307692,0.0115384615384615,0.0557692307692308
positive|Q7UGJ8|LNT,0.226315789473684,0.0403508771929825,0.0385964912280702,0.0368421052631579,0.133333333333333,0.0578947368421053,0.00701754385964912,0.00350877192982456,0.00701754385964912,0.012280701754386,0.0350877192982456,0.0087719298245614,0.0175438596491228,0.0087719298245614,0.0263157894736842,0.0315789473684211,0.00701754385964912,0.0140350877192982,0,0.0263157894736842,0.124561403508772,0.0245614035087719,0.0228070175438597,0.0263157894736842,0.0631578947368421
positive|Q1RH27|LNT,0.172690763052209,0.0582329317269076,0.036144578313253,0.0281124497991968,0.112449799196787,0.070281124497992,0.0240963855421687,0.0140562248995984,0.0120481927710843,0.036144578313253,0.0421686746987952,0.0140562248995984,0.0160642570281124,0.00401606425702811,0.0301204819277108,0.0301204819277108,0.0180722891566265,0.00803212851405622,0.00602409638554217,0.0160642570281124,0.0903614457831325,0.0421686746987952,0.0321285140562249,0.0301204819277108,0.0562248995983936
positive|Q8EHP1|LNT,0.228239845261122,0.0425531914893617,0.0328820116054159,0.0193423597678917,0.137330754352031,0.0483558994197292,0.011605415860735,0.00773694390715667,0.00967117988394584,0.0309477756286267,0.0328820116054159,0.00967117988394584,0.011605415860735,0.00386847195357834,0.0251450676982592,0.02321083172147,0.011605415860735,0.00193423597678917,0.00386847195357834,0.02321083172147,0.125725338491296,0.0328820116054159,0.0290135396518375,0.0270793036750484,0.0696324951644101
positive|Q8DIC3|LNT,0.225742574257426,0.0554455445544554,0.0356435643564356,0.0316831683168317,0.130693069306931,0.0673267326732673,0.00792079207920792,0.0099009900990099,0.00396039603960396,0.0198019801980198,0.0336633663366337,0.0138613861386139,0.0118811881188119,0.00594059405940594,0.0257425742574257,0.0217821782178218,0.00594059405940594,0.00594059405940594,0.00396039603960396,0.0198019801980198,0.128712871287129,0.0257425742574257,0.0297029702970297,0.0118811881188119,0.0673267326732673
positive|P74055|LNT,0.22007722007722,0.0791505791505791,0.0308880308880309,0.027027027027027,0.108108108108108,0.0733590733590734,0.0115830115830116,0.0115830115830116,0.00965250965250965,0.0366795366795367,0.0308880308880309,0.0173745173745174,0.00965250965250965,0.00193050193050193,0.0250965250965251,0.0231660231660232,0.00772200772200772,0.00772200772200772,0.00193050193050193,0.0135135135135135,0.115830115830116,0.027027027027027,0.027027027027027,0.0135135135135135,0.0694980694980695
positive|Q9WZ43|LNT,0.177290836653386,0.0677290836653386,0.0458167330677291,0.0358565737051793,0.105577689243028,0.0677290836653386,0.0338645418326693,0.0199203187250996,0.00796812749003984,0.0338645418326693,0.0597609561752988,0.0179282868525896,0.0199203187250996,0.00398406374501992,0.0139442231075697,0.0298804780876494,0.0119521912350598,0.00796812749003984,0.00597609561752988,0.0179282868525896,0.097609561752988,0.0318725099601594,0.0219123505976096,0.0199203187250996,0.0438247011952191
positive|Q8EYY4|LNT,0.166666666666667,0.0505050505050505,0.0538720538720539,0.0235690235690236,0.0892255892255892,0.0656565656565657,0.0286195286195286,0.0185185185185185,0.0151515151515152,0.037037037037037,0.0303030303030303,0.0336700336700337,0.0269360269360269,0.0151515151515152,0.0303030303030303,0.0353535353535354,0.00841750841750842,0.0134680134680135,0.00168350168350168,0.0252525252525253,0.0858585858585859,0.0437710437710438,0.0235690235690236,0.0286195286195286,0.0488215488215488
positive|Q7V0G7|LNT,0.2,0.0565656565656566,0.0343434343434343,0.0242424242424242,0.101010101010101,0.0666666666666667,0.0181818181818182,0.0181818181818182,0.00808080808080808,0.0303030303030303,0.0343434343434343,0.0262626262626263,0.0222222222222222,0.00606060606060606,0.0343434343434343,0.0222222222222222,0.00404040404040404,0.0202020202020202,0.00202020202020202,0.0121212121212121,0.0909090909090909,0.0363636363636364,0.0282828282828283,0.0202020202020202,0.0828282828282828
positive|Q5ZK55|MIC,0.129151291512915,0.033210332103321,0.0553505535055351,0.025830258302583,0.0922509225092251,0.033210332103321,0.00738007380073801,0.00738007380073801,0.00738007380073801,0.029520295202952,0.03690036900369,0.014760147601476,0.018450184501845,0.025830258302583,0.0627306273062731,0.025830258302583,0.003690036900369,0.00738007380073801,0.014760147601476,0.044280442804428,0.107011070110701,0.025830258302583,0.0701107011070111,0.022140221402214,0.0996309963099631
positive|Q39T32|LNT,0.242307692307692,0.0557692307692308,0.05,0.0307692307692308,0.107692307692308,0.0576923076923077,0.00961538461538462,0.0153846153846154,0.00961538461538462,0.0269230769230769,0.0673076923076923,0.00769230769230769,0.0192307692307692,0.00961538461538462,0.0134615384615385,0.0269230769230769,0.0115384615384615,0.00961538461538462,0.00576923076923077,0.0211538461538462,0.0903846153846154,0.0346153846153846,0.0230769230769231,0.0192307692307692,0.0346153846153846
positive|P0DMT6|APO,0.136546184738956,0.0160642570281124,0.0843373493975904,0.0763052208835341,0.0883534136546185,0.0200803212851406,0,0.00803212851405622,0.00401606425702811,0.00803212851405622,0.0843373493975904,0.00401606425702811,0.0281124497991968,0.0441767068273092,0.0200803212851406,0.0763052208835341,0.00803212851405622,0.0240963855421687,0.0321285140562249,0.0401606425702811,0.0803212851405622,0.0120481927710843,0.036144578313253,0.0240963855421687,0.0441767068273092
positive|Q7M2U7|APO,0.13109756097561,0.0213414634146341,0.0853658536585366,0.0731707317073171,0.0823170731707317,0.0182926829268293,0.00609756097560976,0.00914634146341463,0.00914634146341463,0.00914634146341463,0.0762195121951219,0.00914634146341463,0.0182926829268293,0.024390243902439,0.0213414634146341,0.0731707317073171,0.00304878048780488,0.0121951219512195,0.0365853658536585,0.0487804878048781,0.0914634146341463,0.0121951219512195,0.0274390243902439,0.0304878048780488,0.0701219512195122
positive|Q7V8K1|LNT,0.343373493975904,0.0461847389558233,0.0281124497991968,0.0261044176706827,0.122489959839357,0.0421686746987952,0.00602409638554217,0.0140562248995984,0.00200803212851406,0.0200803212851406,0.0301204819277108,0.0140562248995984,0.0120481927710843,0.00602409638554217,0.0281124497991968,0.0281124497991968,0.00200803212851406,0.0120481927710843,0.00401606425702811,0.00602409638554217,0.120481927710843,0.0160642570281124,0.0240963855421687,0.0140562248995984,0.0321285140562249
positive|A1WJU9|LNT,0.274766355140187,0.0504672897196262,0.0467289719626168,0.0299065420560748,0.117757009345794,0.0672897196261682,0.0168224299065421,0.011214953271028,0.00560747663551402,0.0186915887850467,0.0504672897196262,0.0168224299065421,0.0224299065420561,0.00186915887850467,0.0149532710280374,0.0168224299065421,0.00373831775700935,0.00934579439252336,0.00560747663551402,0.0130841121495327,0.110280373831776,0.0317757009345794,0.0168224299065421,0.00560747663551402,0.0411214953271028
negative|P01023|A2M,0.118805159538357,0.0312287847929396,0.054989816700611,0.03326544467074,0.133740665308893,0.0339443312966735,0.00746775288526816,0.00746775288526816,0.00746775288526816,0.0312287847929396,0.0468431771894094,0.011541072640869,0.0108621860149355,0.010183299389002,0.0393754243041412,0.0427698574338086,0.00678886625933469,0.0128988458927359,0.0176510522742702,0.0264765784114053,0.129667345553293,0.0305498981670061,0.0325865580448065,0.0380176510522743,0.0841819416157502
negative|Q9BXN1|ASP,0.105540897097625,0.029023746701847,0.0633245382585752,0.0343007915567282,0.113456464379947,0.0237467018469657,0.0079155672823219,0.0158311345646438,0.0105540897097625,0.0237467018469657,0.079155672823219,0.0105540897097625,0.0158311345646438,0.0237467018469657,0.0263852242744063,0.0448548812664908,0.0131926121372032,0,0.0448548812664908,0.029023746701847,0.0923482849604222,0.0211081794195251,0.0606860158311346,0.0184696569920844,0.0923482849604222
negative|Q6UY14|ATL,0.083955223880597,0.0223880597014925,0.0382462686567164,0.021455223880597,0.136194029850746,0.0205223880597015,0.0083955223880597,0.0083955223880597,0.00279850746268657,0.0186567164179104,0.0382462686567164,0.00466417910447761,0.0167910447761194,0.00746268656716418,0.0597014925373134,0.0289179104477612,0.00466417910447761,0.00652985074626866,0.00932835820895522,0.0317164179104478,0.129664179104478,0.0186567164179104,0.0569029850746269,0.0401119402985075,0.185634328358209
negative|Q76LX8|ATS,0.143758765778401,0.0203366058906031,0.0504908835904628,0.0427769985974755,0.129032258064516,0.0280504908835905,0.00490883590462833,0.00841514726507714,0.00420757363253857,0.017531556802244,0.0462833099579243,0.0105189340813464,0.0133239831697055,0.00981767180925666,0.0357643758765778,0.0413744740532959,0.00561009817671809,0.00701262272089762,0.0119214586255259,0.02945301542777,0.126227208976157,0.0217391304347826,0.0364656381486676,0.0266479663394109,0.128330995792426
negative|P61769|B2M,0.110169491525424,0.0254237288135593,0.0254237288135593,0.0593220338983051,0.101694915254237,0.0338983050847458,0.0169491525423729,0.00847457627118644,0.00847457627118644,0.0423728813559322,0.0508474576271186,0.00847457627118644,0.00847457627118644,0.0254237288135593,0.0593220338983051,0.0508474576271186,0.0254237288135593,0.0423728813559322,0.00847457627118644,0.00847457627118644,0.076271186440678,0.0338983050847458,0.0677966101694915,0.0338983050847458,0.0677966101694915
negative|Q6UXH0|BET,0.16751269035533,0.0355329949238579,0.0609137055837563,0.0406091370558376,0.157360406091371,0.0203045685279188,0,0.0152284263959391,0.0050761421319797,0,0.065989847715736,0,0.0101522842639594,0.0253807106598985,0.0456852791878173,0.0710659898477157,0.0050761421319797,0.0101522842639594,0.0152284263959391,0.0101522842639594,0.137055837563452,0,0.050761421319797,0.0253807106598985,0.0253807106598985
negative|Q9NP55|BPI,0.290196078431373,0.0117647058823529,0.0509803921568627,0.0431372549019608,0.164705882352941,0.0156862745098039,0.00392156862745098,0,0,0.00392156862745098,0.0470588235294118,0,0.00392156862745098,0.00784313725490196,0.0117647058823529,0.0431372549019608,0,0.00784313725490196,0,0.0196078431372549,0.164705882352941,0.00784313725490196,0.00784313725490196,0.0196078431372549,0.0745098039215686
negative|Q9NZK5|CECMLVDGPSERPALCFLLLAVAMSFFGSALSIDETRAHLLLKEKMMRLGGRLVLNTKEELANERLMTLKIAEMKEAMRTLIFPPSMHFFQAKHLIERSQVFNILRMMPKGAALHLHDIGIVTMDWLVRNVTYRPHCHICFTPRGIMQFRFAHPTPRPSEKCSKWILLEDYRKRVQNVTEFDDSLLRNFTLVTQHPEVIYTNQNVVWSKFETIFFTISGLIHYAPVFRDYVFRSMQEFYEDNVLYMEIRARLLPVYELSGEHHDEEWSVKTYQEVAQKFVETHPEFIGIKIIYSDHRSKDVAVIAESIRMAMGLRIKFPTVVAGFDLVGHEDTGHSLHDYKEALMIPAKDGVKLPYFFHAGETDWQGTSIDRNILDALMLNTTRIGHGFALSKHPAVRTYSWKKDIPIEVCPISNQVLKLVSDLRNHPVATLMATGHPMVISSDDPAMFGAKGLSYDFYEVFMGIGGMKADLRTLKQLAMNSIKYSTLLESEKNTFMEIWKKRWDKFIADVATK,0,0,0,0,0,0,0,0,0,0,0,0,0,0,0,0,0,0,0,0,0,0,0,0,0
negative|P11597|CET,0.15650406504065,0.040650406504065,0.0365853658536585,0.0426829268292683,0.134146341463415,0.032520325203252,0.00813008130081301,0.0101626016260163,0.00609756097560976,0.0345528455284553,0.0548780487804878,0.00813008130081301,0.0101626016260163,0.0101626016260163,0.0223577235772358,0.0447154471544715,0.0121951219512195,0.00813008130081301,0.00813008130081301,0.0264227642276423,0.119918699186992,0.0223577235772358,0.040650406504065,0.032520325203252,0.0772357723577236
negative|P06276|CHL,0.128119800332779,0.0482529118136439,0.0349417637271215,0.0282861896838602,0.113144758735441,0.0565723793677205,0.0149750415973378,0.0166389351081531,0.00998336106489185,0.0366056572379368,0.0349417637271215,0.0199667221297837,0.0149750415973378,0.0149750415973378,0.0332778702163062,0.0366056572379368,0.021630615640599,0.00499168053244592,0.0116472545757072,0.0266222961730449,0.0965058236272879,0.0299500831946755,0.0465890183028286,0.0366056572379368,0.0831946755407654
negative|O75339|CIL,0.109044801352494,0.0245139475908707,0.0566356720202874,0.0371935756551141,0.112426035502959,0.0278951817413356,0.010989010989011,0.010989010989011,0.00760777683854607,0.0278951817413356,0.0549450549450549,0.0126796280642434,0.0160608622147084,0.0152155536770921,0.043956043956044,0.029585798816568,0.0126796280642434,0.0143702451394759,0.0143702451394759,0.0388841927303466,0.117497886728656,0.0245139475908707,0.0448013524936602,0.0355029585798817,0.0997464074387151
negative|O43405|COC,0.178506375227687,0.029143897996357,0.0491803278688525,0.0327868852459016,0.120218579234973,0.0364298724954463,0.00910746812386157,0.00546448087431694,0.00546448087431694,0.0382513661202186,0.0382513661202186,0.00910746812386157,0.0145719489981785,0.0255009107468124,0.0327868852459016,0.0473588342440801,0.0145719489981785,0.00728597449908925,0.0109289617486339,0.0182149362477231,0.107468123861566,0.0327868852459016,0.0437158469945355,0.0236794171220401,0.0692167577413479
negative|O75462|CRL,0.142517814726841,0.0285035629453682,0.0593824228028504,0.0285035629453682,0.116389548693587,0.0285035629453682,0.00712589073634204,0.0142517814726841,0.00475059382422803,0.0237529691211401,0.0522565320665083,0.0142517814726841,0.0213776722090261,0.0118764845605701,0.0451306413301663,0.0332541567695962,0.00950118764845606,0.00475059382422803,0.0118764845605701,0.0261282660332542,0.116389548693587,0.0190023752969121,0.0475059382422803,0.0285035629453682,0.104513064133017
negative|P01034|CYT,0.213793103448276,0.0206896551724138,0.0482758620689655,0.0482758620689655,0.0896551724137931,0.0206896551724138,0.00689655172413793,0.0137931034482759,0,0.0275862068965517,0.0551724137931034,0,0.0275862068965517,0.00689655172413793,0.0413793103448276,0.0413793103448276,0.0137931034482759,0,0.0137931034482759,0.0137931034482759,0.0896551724137931,0.0275862068965517,0.0413793103448276,0.0137931034482759,0.124137931034483
negative|P15502|ELN,0.528662420382166,0.0191082802547771,0.0484076433121019,0.00382165605095541,0.112101910828025,0.0229299363057325,0.00127388535031847,0.00127388535031847,0,0.0140127388535032,0.0318471337579618,0.0089171974522293,0.00509554140127389,0.00127388535031847,0.0140127388535032,0.00764331210191083,0,0,0.00127388535031847,0.00127388535031847,0.119745222929936,0.0101910828025478,0.00764331210191083,0.00382165605095541,0.0356687898089172
negative|Q13822|ENP,0.0788863109048724,0.0417633410672854,0.0522041763341067,0.031322505800464,0.0962877030162413,0.0348027842227378,0.00928074245939675,0.0150812064965197,0.0197215777262181,0.0348027842227378,0.0510440835266821,0.0174013921113689,0.0232018561484919,0.00928074245939675,0.0556844547563805,0.0394431554524362,0.0104408352668213,0.0220417633410673,0.0220417633410673,0.0278422273781903,0.0962877030162413,0.0348027842227378,0.0440835266821346,0.0394431554524362,0.0928074245939675
negative|P05160|F13,0.0651515151515152,0.0287878787878788,0.0484848484848485,0.0484848484848485,0.0984848484848485,0.0272727272727273,0.0181818181818182,0.0151515151515152,0.0136363636363636,0.0378787878787879,0.046969696969697,0.0151515151515152,0.0151515151515152,0.0106060606060606,0.0484848484848485,0.046969696969697,0.0121212121212121,0.0136363636363636,0.0121212121212121,0.0409090909090909,0.101515151515152,0.0378787878787879,0.0439393939393939,0.0409090909090909,0.112121212121212
negative|P00740|FA9,0.104347826086957,0.0326086956521739,0.0434782608695652,0.058695652173913,0.0956521739130435,0.0391304347826087,0.00217391304347826,0.00869565217391304,0.00869565217391304,0.0369565217391304,0.0434782608695652,0.0152173913043478,0.00869565217391304,0.0195652173913043,0.0391304347826087,0.0369565217391304,0.0108695652173913,0.0217391304347826,0.0173913043478261,0.0478260869565217,0.108695652173913,0.0347826086956522,0.0434782608695652,0.0304347826086957,0.091304347826087
negative|Q9UBX5|FBL,0.0536912751677852,0.0357941834451902,0.0268456375838926,0.0425055928411633,0.138702460850112,0.0268456375838926,0.00894854586129754,0.00894854586129754,0.00447427293064877,0.0402684563758389,0.0178970917225951,0.00671140939597315,0.00447427293064877,0.0111856823266219,0.0402684563758389,0.0492170022371365,0.00447427293064877,0.00447427293064877,0.0223713646532438,0.0380313199105145,0.147651006711409,0.0357941834451902,0.0357941834451902,0.0380313199105145,0.156599552572707
negative|Q9GZV9|FGF,0.124,0.036,0.064,0.02,0.12,0.04,0.004,0.016,0.008,0.024,0.056,0.024,0.024,0.004,0.044,0.024,0.004,0.004,0.016,0.028,0.12,0.024,0.044,0.028,0.1
negative|Q14393|GAS,0.127777777777778,0.0291666666666667,0.0541666666666667,0.0430555555555556,0.118055555555556,0.0208333333333333,0.00833333333333333,0.0111111111111111,0.00833333333333333,0.025,0.0527777777777778,0.00555555555555556,0.0180555555555556,0.0152777777777778,0.0416666666666667,0.0611111111111111,0.00694444444444444,0.0166666666666667,0.0125,0.0291666666666667,0.109722222222222,0.0236111111111111,0.0333333333333333,0.0472222222222222,0.0805555555555556
negative|P39905|GDN,0.138095238095238,0.0285714285714286,0.0619047619047619,0.019047619047619,0.10952380952381,0.0142857142857143,0,0.00952380952380952,0.0238095238095238,0.0142857142857143,0.0619047619047619,0.00476190476190476,0.0523809523809524,0.00952380952380952,0.0619047619047619,0.0333333333333333,0.00952380952380952,0.0238095238095238,0.0333333333333333,0.0285714285714286,0.10952380952381,0.019047619047619,0.0428571428571429,0.0428571428571429,0.0476190476190476
negative|P15516|HIS,0.16,0.08,0.04,0.02,0.04,0.06,0.02,0.06,0.02,0,0.06,0.04,0.16,0.02,0.04,0,0,0.02,0,0.04,0.04,0.02,0.04,0,0.02
negative|P04196|HRG,0.0763358778625954,0.0209923664122137,0.0477099236641221,0.0362595419847328,0.0725190839694656,0.0152671755725191,0.0114503816793893,0.0152671755725191,0.00572519083969466,0.0267175572519084,0.0629770992366412,0.0114503816793893,0.0591603053435115,0.0248091603053435,0.0706106870229008,0.0305343511450382,0.0114503816793893,0.0248091603053435,0.00763358778625954,0.0381679389312977,0.066793893129771,0.0190839694656489,0.083969465648855,0.0381679389312977,0.122137404580153
negative|Q969J5|I22,0.0954198473282443,0.0267175572519084,0.0305343511450382,0.0305343511450382,0.114503816793893,0.0305343511450382,0.0190839694656489,0.0190839694656489,0.0114503816793893,0.0419847328244275,0.0419847328244275,0.0114503816793893,0.0114503816793893,0.0152671755725191,0.0572519083969466,0.0343511450381679,0.00763358778625954,0.0152671755725191,0.0114503816793893,0.0267175572519084,0.0916030534351145,0.0572519083969466,0.0610687022900763,0.0267175572519084,0.110687022900763
negative|P10997|IAP,0.181818181818182,0.0113636363636364,0.0568181818181818,0.0340909090909091,0.125,0.0568181818181818,0,0,0,0,0.0454545454545455,0,0.0454545454545455,0.0113636363636364,0.0454545454545455,0.0113636363636364,0,0.0113636363636364,0,0.0227272727272727,0.113636363636364,0.0454545454545455,0.0340909090909091,0,0.147727272727273
negative|P17936|IBP,0.110344827586207,0.0206896551724138,0.0655172413793104,0.0206896551724138,0.120689655172414,0.0172413793103448,0.00344827586206897,0.0103448275862069,0.00344827586206897,0.0206896551724138,0.0655172413793104,0.0137931034482759,0.0310344827586207,0.0172413793103448,0.0379310344827586,0.0241379310344828,0.00689655172413793,0.0137931034482759,0.0172413793103448,0.0379310344827586,0.117241379310345,0.0103448275862069,0.0482758620689655,0.0413793103448276,0.124137931034483
negative|Q9NPF7|IL2,0.180851063829787,0.0319148936170213,0.0638297872340425,0.0212765957446809,0.117021276595745,0.0106382978723404,0.00531914893617021,0.00531914893617021,0.0106382978723404,0.0319148936170213,0.0638297872340425,0.0106382978723404,0.00531914893617021,0.0106382978723404,0.0159574468085106,0.0319148936170213,0,0.00531914893617021,0.0159574468085106,0.0319148936170213,0.122340425531915,0.0159574468085106,0.0265957446808511,0.0265957446808511,0.138297872340426
negative|Q9NZH8|IL3,0.113095238095238,0.0476190476190476,0.0476190476190476,0.0416666666666667,0.119047619047619,0.0238095238095238,0.0119047619047619,0.00595238095238095,0.00595238095238095,0.0357142857142857,0.0357142857142857,0.00595238095238095,0.00595238095238095,0.0119047619047619,0.0357142857142857,0.0476190476190476,0.00595238095238095,0.00595238095238095,0,0.0476190476190476,0.142857142857143,0.0119047619047619,0.0297619047619048,0.0535714285714286,0.107142857142857
negative|P05154|IPS,0.158024691358025,0.0395061728395062,0.0419753086419753,0.037037037037037,0.118518518518519,0.0320987654320988,0.00740740740740741,0.0148148148148148,0.00493827160493827,0.0320987654320988,0.0493827160493827,0.00987654320987654,0.0296296296296296,0.0148148148148148,0.0320987654320988,0.0395061728395062,0.00740740740740741,0.00987654320987654,0.00740740740740741,0.0271604938271605,0.11358024691358,0.0271604938271605,0.0395061728395062,0.0271604938271605,0.0790123456790123
negative|P00995|ISK,0.141025641025641,0.0256410256410256,0.0384615384615385,0.0128205128205128,0.166666666666667,0.0128205128205128,0,0,0.0256410256410256,0.0256410256410256,0.0256410256410256,0,0.0256410256410256,0.0128205128205128,0.0384615384615385,0.0384615384615385,0,0,0,0.0512820512820513,0.153846153846154,0.0384615384615385,0.0384615384615385,0.0384615384615385,0.0897435897435897
negative|Q9P0G3|KLK,0.180451127819549,0.018796992481203,0.0526315789473684,0.0150375939849624,0.150375939849624,0.0225563909774436,0,0.0037593984962406,0.0037593984962406,0.0263157894736842,0.0338345864661654,0.0150375939849624,0.0150375939849624,0.0112781954887218,0.0451127819548872,0.0150375939849624,0,0.0075187969924812,0.0150375939849624,0.018796992481203,0.161654135338346,0.0225563909774436,0.0451127819548872,0.0112781954887218,0.109022556390977
negative|P18428|LBP,0.1375,0.0333333333333333,0.0479166666666667,0.04375,0.145833333333333,0.03125,0.00833333333333333,0.01875,0.00625,0.025,0.05625,0.00833333333333333,0.0104166666666667,0.00833333333333333,0.0291666666666667,0.0583333333333333,0.0104166666666667,0.00625,0.00625,0.01875,0.125,0.0291666666666667,0.0291666666666667,0.0354166666666667,0.0708333333333333
negative|P09382|LEG,0.119402985074627,0.0298507462686567,0.0671641791044776,0.0522388059701493,0.126865671641791,0.0223880597014925,0,0.0149253731343284,0.0223880597014925,0.0373134328358209,0.0447761194029851,0.0223880597014925,0,0.0223880597014925,0.0223880597014925,0.0671641791044776,0.0149253731343284,0,0,0.0298507462686567,0.134328358208955,0.0298507462686567,0.0298507462686567,0.0223880597014925,0.0671641791044776
negative|O95970|LGI,0.0881294964028777,0.0431654676258993,0.0431654676258993,0.039568345323741,0.109712230215827,0.0467625899280576,0.00899280575539568,0.0179856115107914,0.00899280575539568,0.0413669064748201,0.0467625899280576,0.0143884892086331,0.0215827338129496,0.00899280575539568,0.0413669064748201,0.0413669064748201,0.0161870503597122,0.00719424460431655,0.00719424460431655,0.0287769784172662,0.100719424460432,0.0413669064748201,0.0431654676258993,0.0359712230215827,0.0971223021582734
negative|Q9Y6Y9|LY9,0.0691823899371069,0.0440251572327044,0.0440251572327044,0.0251572327044025,0.125786163522013,0.0314465408805031,0.0251572327044025,0.0125786163522013,0,0.0754716981132075,0.050314465408805,0.0125786163522013,0.0251572327044025,0.0125786163522013,0.0314465408805031,0.0440251572327044,0.0125786163522013,0.00628930817610063,0.0188679245283019,0.00628930817610063,0.106918238993711,0.050314465408805,0.0440251572327044,0.0314465408805031,0.0943396226415094
negative|P48740|MAS,0.106017191977077,0.0315186246418338,0.0458452722063037,0.0386819484240688,0.100286532951289,0.0358166189111748,0.0100286532951289,0.0157593123209169,0.0100286532951289,0.0358166189111748,0.0458452722063037,0.0171919770773639,0.0100286532951289,0.0186246418338109,0.0329512893982808,0.0386819484240688,0.0100286532951289,0.0143266475644699,0.0171919770773639,0.0515759312320917,0.0945558739255014,0.0386819484240688,0.0386819484240688,0.0472779369627507,0.0945558739255014
negative|P11226|MBL,0.137651821862348,0.0121457489878543,0.048582995951417,0.0323886639676113,0.149797570850202,0.0161943319838057,0.00404858299595142,0,0.00404858299595142,0.0364372469635627,0.048582995951417,0.0121457489878543,0.00809716599190283,0.0121457489878543,0.0242914979757085,0.0445344129554656,0.00404858299595142,0.0161943319838057,0.0202429149797571,0.0283400809716599,0.133603238866397,0.0283400809716599,0.0323886639676113,0.0445344129554656,0.101214574898785
negative|P45452|MMP,0.114893617021277,0.0553191489361702,0.0446808510638298,0.0468085106382979,0.0765957446808511,0.0319148936170213,0.0191489361702128,0.0170212765957447,0.0170212765957447,0.048936170212766,0.048936170212766,0.0170212765957447,0.0127659574468085,0.0212765957446809,0.0404255319148936,0.0531914893617021,0.0127659574468085,0.0234042553191489,0.0361702127659574,0.0191489361702128,0.0872340425531915,0.0297872340425532,0.0425531914893617,0.0234042553191489,0.0595744680851064
negative|P98088|MUC,0.0601450557226252,0.0118521139218114,0.0185742083849284,0.01963559172121,0.142579161507164,0.00813727224482576,0.00300725278613126,0.00689899168583053,0.00619140279497612,0.0201662833893508,0.0281266584114629,0.00389173889969927,0.00619140279497612,0.00566071112683531,0.0352025473200071,0.0237042278436229,0.00477622501326729,0.00672209446311693,0.00654519724040333,0.020520077834778,0.132496019812489,0.0208738722802052,0.0408632584468424,0.0242349195117637,0.343003714841677
negative|Q00604|NDP,0.151515151515152,0.00757575757575758,0.0681818181818182,0.0227272727272727,0.0606060606060606,0.0227272727272727,0,0.0227272727272727,0,0.0151515151515152,0.0454545454545455,0.0151515151515152,0.0378787878787879,0,0.0984848484848485,0.00757575757575758,0,0,0.00757575757575758,0.0606060606060606,0.0757575757575758,0.0378787878787879,0.0681818181818182,0.0454545454545455,0.128787878787879
negative|P80188|NGA,0.147208121827411,0.0355329949238579,0.050761421319797,0.0152284263959391,0.106598984771574,0.0406091370558376,0.0203045685279188,0.0152284263959391,0.0050761421319797,0.0406091370558376,0.0406091370558376,0.0101522842639594,0.0203045685279188,0.0304568527918782,0.0304568527918782,0.0253807106598985,0.0152284263959391,0.0101522842639594,0.0101522842639594,0.0304568527918782,0.101522842639594,0.0406091370558376,0.0355329949238579,0.0304568527918782,0.0913705583756345
negative|Q13219|PAP,0.103321033210332,0.029520295202952,0.0436654366543665,0.0375153751537515,0.108856088560886,0.0239852398523985,0.00984009840098401,0.0104551045510455,0.011070110701107,0.0313653136531365,0.041820418204182,0.00922509225092251,0.018450184501845,0.015990159901599,0.0399753997539975,0.046740467404674,0.003690036900369,0.00984009840098401,0.011070110701107,0.0436654366543665,0.107011070110701,0.034440344403444,0.043050430504305,0.039360393603936,0.126076260762608
negative|Q9GZP0|PDG,0.0731707317073171,0.024390243902439,0.0623306233062331,0.040650406504065,0.0840108401084011,0.016260162601626,0.010840108401084,0.021680216802168,0.013550135501355,0.035230352303523,0.0487804878048781,0.018970189701897,0.029810298102981,0.021680216802168,0.046070460704607,0.037940379403794,0.010840108401084,0.013550135501355,0.02710027100271,0.043360433604336,0.105691056910569,0.032520325203252,0.040650406504065,0.029810298102981,0.111111111111111
negative|P36955|PED,0.136690647482014,0.0215827338129496,0.0551558752997602,0.0335731414868106,0.13189448441247,0.0287769784172662,0.00959232613908873,0.0119904076738609,0.0167865707434053,0.00719424460431655,0.0647482014388489,0.00719424460431655,0.00959232613908873,0.0119904076738609,0.0335731414868106,0.0383693045563549,0.0119904076738609,0.0119904076738609,0.0239808153477218,0.0335731414868106,0.107913669064748,0.0239808153477218,0.0383693045563549,0.0335731414868106,0.0959232613908873
negative|Q92954|PRG,0.0470420527441197,0.0135424091233072,0.0277975766215253,0.0156806842480399,0.101211689237349,0.00784034212401996,0.00712758374910905,0.00855310049893086,0.00427655024946543,0.00997861724875267,0.0342124019957235,0.00427655024946543,0.0235210263720599,0.0413399857448325,0.0513186029935852,0.0242337847469708,0.00427655024946543,0.0106913756236636,0.00712758374910905,0.0541696364932288,0.0912330719885959,0.00855310049893086,0.0841054882394868,0.0320741268709907,0.285816108339273
negative|O94813|SLI,0.0988219895287958,0.0301047120418848,0.043848167539267,0.0359947643979058,0.12630890052356,0.018979057591623,0.00327225130890052,0.0117801047120419,0.00785340314136126,0.0274869109947644,0.06217277486911,0.00261780104712042,0.0157068062827225,0.00916230366492147,0.0399214659685864,0.0425392670157068,0.0117801047120419,0.00981675392670157,0.0117801047120419,0.0333769633507853,0.111910994764398,0.0215968586387435,0.0484293193717278,0.0445026178010471,0.130235602094241
negative|P03973|SLP,0.122137404580153,0.00763358778625954,0.0687022900763359,0.0305343511450382,0.083969465648855,0.0229007633587786,0,0.0152671755725191,0,0.0229007633587786,0.0152671755725191,0.00763358778625954,0.0534351145038168,0.00763358778625954,0.0763358778625954,0.0305343511450382,0.00763358778625954,0,0,0.0305343511450382,0.122137404580153,0.0381679389312977,0.0229007633587786,0.0305343511450382,0.183206106870229
negative|Q9BQB4|SOS,0.0849056603773585,0.0188679245283019,0.0660377358490566,0.0330188679245283,0.122641509433962,0.00943396226415094,0.00471698113207547,0.0283018867924528,0.00471698113207547,0.0188679245283019,0.0613207547169811,0.0235849056603774,0.0188679245283019,0.0141509433962264,0.0707547169811321,0.0613207547169811,0.0188679245283019,0.00471698113207547,0,0.0235849056603774,0.10377358490566,0.00471698113207547,0.0707547169811321,0.0566037735849057,0.0754716981132075
negative|P04155|TFF,0.168674698795181,0.0120481927710843,0.0120481927710843,0.036144578313253,0.132530120481928,0,0.0120481927710843,0,0.0120481927710843,0.036144578313253,0.036144578313253,0,0,0.0120481927710843,0.0120481927710843,0.0240963855421687,0.0120481927710843,0.0120481927710843,0.036144578313253,0.0481927710843374,0.120481927710843,0.036144578313253,0.036144578313253,0.036144578313253,0.156626506024096
negative|P01137|TGF,0.138817480719794,0.0359897172236504,0.0488431876606684,0.0539845758354756,0.0848329048843188,0.0282776349614396,0.0077120822622108,0.0154241645244216,0.0051413881748072,0.0282776349614396,0.06426735218509,0.0102827763496144,0.0231362467866324,0.0154241645244216,0.0359897172236504,0.0462724935732648,0.0077120822622108,0.0102827763496144,0,0.038560411311054,0.0822622107969152,0.0231362467866324,0.051413881748072,0.0282776349614396,0.115681233933162
negative|P01033|TIM,0.135922330097087,0.0533980582524272,0.0339805825242718,0.0145631067961165,0.116504854368932,0.0242718446601942,0.00485436893203883,0.00970873786407767,0.00970873786407767,0.0533980582524272,0.0533980582524272,0.0145631067961165,0.0145631067961165,0.00485436893203883,0.0339805825242718,0.029126213592233,0.00485436893203883,0.00485436893203883,0.00970873786407767,0.0242718446601942,0.111650485436893,0.0242718446601942,0.058252427184466,0.0339805825242718,0.121359223300971
negative|P15692|VEG,0.0822510822510823,0.025974025974026,0.0562770562770563,0.0346320346320346,0.0822510822510823,0.0346320346320346,0,0.00865800865800866,0,0.0346320346320346,0.038961038961039,0.0173160173160173,0.0562770562770563,0.00865800865800866,0.0952380952380952,0.0346320346320346,0.00865800865800866,0.0216450216450216,0.012987012987013,0.025974025974026,0.0865800865800866,0.025974025974026,0.0779220779220779,0.0476190476190476,0.0822510822510823
negative|P04275|VWF,0.109174964438122,0.0209815078236131,0.0416073968705548,0.042674253200569,0.128022759601707,0.0277382645803698,0.00391180654338549,0.00640113798008535,0.00960170697012802,0.0206258890469417,0.0416073968705548,0.00924608819345661,0.0152916073968706,0.00960170697012802,0.0373399715504979,0.0480085348506401,0.0106685633001422,0.0135135135135135,0.015647226173542,0.0327169274537696,0.115576102418208,0.0234708392603129,0.036628733997155,0.0430298719772404,0.136913229018492
negative|O15537|XLR,0.0986547085201794,0.0493273542600897,0.0358744394618834,0.0358744394618834,0.112107623318386,0.0448430493273543,0.0179372197309417,0.0179372197309417,0.00896860986547085,0.0269058295964126,0.0493273542600897,0.0134529147982063,0.00896860986547085,0.00896860986547085,0.031390134529148,0.0358744394618834,0.00448430493273543,0.00896860986547085,0.0224215246636771,0.0448430493273543,0.103139013452915,0.031390134529148,0.0403587443946188,0.0403587443946188,0.10762331838565
negative|Q9BY76|ANG,0.125925925925926,0.0222222222222222,0.0395061728395062,0.0395061728395062,0.14320987654321,0.0148148148148148,0.0148148148148148,0.0123456790123457,0.0123456790123457,0.0172839506172839,0.0592592592592593,0.00493827160493827,0.0320987654320988,0.0172839506172839,0.0419753086419753,0.037037037037037,0.00740740740740741,0.0271604938271605,0.00493827160493827,0.0172839506172839,0.130864197530864,0.0222222222222222,0.0444444444444444,0.0197530864197531,0.091358024691358
negative|Q8N6G6|ATL,0.124929017603634,0.0193072118114708,0.0408858603066439,0.0300965360590574,0.12549687677456,0.0159000567859171,0.00624645088018171,0.00851788756388416,0.00851788756388416,0.0249858035207269,0.043725156161272,0.00908574673480977,0.0221465076660988,0.0107893242475866,0.0471323111868257,0.0352072685973878,0.00908574673480977,0.00965360590573538,0.0147643384440659,0.0283929585462805,0.120954003407155,0.020442930153322,0.0516751845542305,0.0329358319136854,0.139125496876775
negative|Q9NZP8|C1R,0.131687242798354,0.0452674897119342,0.0493827160493827,0.0267489711934156,0.121399176954733,0.0411522633744856,0.00617283950617284,0.0102880658436214,0.00617283950617284,0.0308641975308642,0.0432098765432099,0.00823045267489712,0.0123456790123457,0.00823045267489712,0.0452674897119342,0.0329218106995885,0.0102880658436214,0.00411522633744856,0.00617283950617284,0.0349794238683128,0.123456790123457,0.0246913580246914,0.0411522633744856,0.0411522633744856,0.0946502057613169
negative|Q66K79|CBP,0.152073732718894,0.021505376344086,0.0691244239631336,0.0384024577572965,0.0967741935483871,0.032258064516129,0.0153609831029186,0.00460829493087558,0.0122887864823349,0.0307219662058372,0.0552995391705069,0.0122887864823349,0.0245775729646697,0.0122887864823349,0.0476190476190476,0.0522273425499232,0.0153609831029186,0.010752688172043,0.00921658986175115,0.0199692780337942,0.0844854070660522,0.032258064516129,0.043010752688172,0.0353302611367127,0.0721966205837174
negative|Q07092|COG,0.139114160948222,0.0187149095446039,0.0567685589519651,0.0592638802245789,0.165315034310667,0.0137242669993762,0.00187149095446039,0.00124766063630692,0.00249532127261385,0.0124766063630692,0.0673736743605739,0.00124766063630692,0.00561447286338116,0.00561447286338116,0.025577043044292,0.033686837180287,0.00124766063630692,0.0212102308172177,0.0049906425452277,0.0286961946350593,0.185277604491578,0.00873362445414847,0.0205864004990643,0.0174672489082969,0.101684341859014
negative|O75629|CRE,0.150684931506849,0.0136986301369863,0.0593607305936073,0.0228310502283105,0.164383561643836,0.0410958904109589,0.0273972602739726,0,0.0091324200913242,0.0136986301369863,0.0639269406392694,0.0045662100456621,0.0182648401826484,0.0091324200913242,0.0228310502283105,0.0365296803652968,0.0182648401826484,0.0045662100456621,0.0136986301369863,0.0136986301369863,0.114155251141553,0.0273972602739726,0.0365296803652968,0.0319634703196347,0.0821917808219178
negative|P60022|DEF,0.134328358208955,0.0447761194029851,0.0597014925373134,0,0.149253731343284,0.0298507462686567,0,0.0149253731343284,0,0.0597014925373134,0.0447761194029851,0.0149253731343284,0.0149253731343284,0,0.0447761194029851,0.0149253731343284,0,0.0149253731343284,0,0,0.149253731343284,0.0447761194029851,0.0298507462686567,0.0298507462686567,0.104477611940299
negative|Q6E0U4|DMK,0.178947368421053,0.0231578947368421,0.0442105263157895,0.0273684210526316,0.147368421052632,0.0252631578947368,0.00631578947368421,0.00842105263157895,0.00842105263157895,0.0189473684210526,0.0442105263157895,0.00631578947368421,0.00631578947368421,0.00842105263157895,0.0210526315789474,0.0357894736842105,0.00210526315789474,0.00210526315789474,0.00842105263157895,0.0189473684210526,0.134736842105263,0.0315789473684211,0.0252631578947368,0.0147368421052632,0.151578947368421
negative|Q9UHF1|EGF,0.136029411764706,0.0257352941176471,0.0477941176470588,0.0367647058823529,0.121323529411765,0.0183823529411765,0.00367647058823529,0.0220588235294118,0.00367647058823529,0.0110294117647059,0.0588235294117647,0.00367647058823529,0.0220588235294118,0.00735294117647059,0.0477941176470588,0.0257352941176471,0,0.0110294117647059,0.0147058823529412,0.0367647058823529,0.125,0.0257352941176471,0.0367647058823529,0.0257352941176471,0.132352941176471
negative|Q9NP95|FGF,0.180952380952381,0.0476190476190476,0.0333333333333333,0.0476190476190476,0.0952380952380952,0.0380952380952381,0.00952380952380952,0.019047619047619,0.00476190476190476,0.0238095238095238,0.0428571428571429,0.019047619047619,0.0333333333333333,0.019047619047619,0.0476190476190476,0.0380952380952381,0.00476190476190476,0.0333333333333333,0.00476190476190476,0.0285714285714286,0.1,0.0142857142857143,0.0428571428571429,0.0333333333333333,0.0380952380952381
negative|Q9UK05|GDF,0.119158878504673,0.0280373831775701,0.0467289719626168,0.0373831775700935,0.119158878504673,0.0233644859813084,0.00467289719626168,0.00467289719626168,0.0186915887850467,0.0233644859813084,0.0490654205607477,0.0116822429906542,0.0233644859813084,0.0210280373831776,0.0373831775700935,0.0514018691588785,0.00700934579439252,0.00934579439252336,0.0186915887850467,0.0420560747663551,0.105140186915888,0.0233644859813084,0.0607476635514019,0.0327102803738318,0.0817757009345794
negative|Q14520|HAB,0.0912343470483005,0.0268336314847943,0.0500894454382826,0.0339892665474061,0.0966010733452594,0.0232558139534884,0.00894454382826476,0.0125223613595707,0.00894454382826476,0.0411449016100179,0.0518783542039356,0.0143112701252236,0.0196779964221825,0.00894454382826476,0.0447227191413238,0.0286225402504472,0.0107334525939177,0.0161001788908766,0.0178890876565295,0.0465116279069767,0.101967799642218,0.035778175313059,0.0411449016100179,0.0500894454382826,0.118067978533095
negative|P83110|HTR,0.174778761061947,0.0132743362831858,0.0619469026548673,0.0398230088495575,0.134955752212389,0.0309734513274336,0,0.00442477876106195,0.00221238938053097,0.0110619469026549,0.0398230088495575,0.0110619469026549,0.0176991150442478,0.0132743362831858,0.0376106194690266,0.0597345132743363,0.0110619469026549,0.00884955752212389,0.00442477876106195,0.0199115044247788,0.119469026548673,0.0132743362831858,0.0265486725663717,0.0442477876106195,0.0995575221238938
negative|Q8IZI9|IFN,0.148717948717949,0.0153846153846154,0.0717948717948718,0.0512820512820513,0.133333333333333,0.00512820512820513,0,0.0153846153846154,0.00512820512820513,0.0102564102564103,0.0666666666666667,0.00512820512820513,0.0256410256410256,0.0256410256410256,0.041025641025641,0.0615384615384615,0,0.00512820512820513,0.00512820512820513,0.0358974358974359,0.138461538461538,0.0153846153846154,0.0461538461538462,0.0205128205128205,0.0512820512820513
negative|P15814|IGL,0.127358490566038,0.0141509433962264,0.0283018867924528,0.0283018867924528,0.160377358490566,0.0235849056603774,0.00471698113207547,0.00943396226415094,0,0.0330188679245283,0.0377358490566038,0.0188679245283019,0.00943396226415094,0.00471698113207547,0.0518867924528302,0.0235849056603774,0.00471698113207547,0.00471698113207547,0.00471698113207547,0.0141509433962264,0.141509433962264,0.0283018867924528,0.0707547169811321,0.0141509433962264,0.141509433962264
negative|P20809|IL1,0.232323232323232,0.0101010101010101,0.0606060606060606,0.0505050505050505,0.126262626262626,0.0202020202020202,0,0,0,0.0101010101010101,0.0808080808080808,0.00505050505050505,0.0151515151515152,0.00505050505050505,0.0252525252525253,0.0202020202020202,0.00505050505050505,0.0151515151515152,0,0.0353535353535354,0.126262626262626,0.0101010101010101,0.0404040404040404,0.0202020202020202,0.0858585858585859
negative|Q9HBE4|IL2,0.0974025974025974,0.012987012987013,0.0584415584415584,0.0324675324675325,0.103896103896104,0.025974025974026,0,0.00649350649350649,0.00649350649350649,0.0194805194805195,0.0649350649350649,0.00649350649350649,0.0584415584415584,0.00649350649350649,0.0649350649350649,0.0194805194805195,0.0194805194805195,0.0324675324675325,0.012987012987013,0.025974025974026,0.0909090909090909,0.0194805194805195,0.0454545454545455,0.051948051948052,0.116883116883117
negative|Q6ZMJ4|IL3,0.112033195020747,0.033195020746888,0.037344398340249,0.033195020746888,0.141078838174274,0.037344398340249,0.004149377593361,0.020746887966805,0.004149377593361,0.029045643153527,0.0497925311203319,0.016597510373444,0.004149377593361,0.00829875518672199,0.024896265560166,0.045643153526971,0,0.00829875518672199,0.004149377593361,0.033195020746888,0.107883817427386,0.04149377593361,0.033195020746888,0.04149377593361,0.128630705394191
negative|Q8N2S1|LTB,0.0807147258163894,0.0246457178065311,0.0351201478743068,0.0338878619839803,0.138016019716574,0.0154035736290819,0.00184842883548983,0.0141712877387554,0.00800985828712261,0.0215650030807147,0.0345040049291436,0.00308071472581639,0.0154035736290819,0.00862600123228589,0.0511398644485521,0.0462107208872458,0.00492914356130622,0.0055452865064695,0.022181146025878,0.0425138632162662,0.135551447935921,0.0264941466420209,0.0425138632162662,0.048675292667899,0.139248305606901
negative|Q9H8L6|MMR,0.141350210970464,0.0305907172995781,0.0559071729957806,0.0548523206751055,0.118143459915612,0.020042194092827,0.00421940928270042,0.00949367088607595,0.00632911392405063,0.0168776371308017,0.0506329113924051,0.00632911392405063,0.0210970464135021,0.0189873417721519,0.0390295358649789,0.0622362869198312,0.00316455696202532,0.0158227848101266,0.020042194092827,0.0327004219409283,0.125527426160338,0.0126582278481013,0.0337552742616034,0.0337552742616034,0.0664556962025316
negative|P04054|PA2,0.142857142857143,0.0136054421768707,0.0272108843537415,0.0476190476190476,0.0816326530612245,0.0272108843537415,0,0.00680272108843537,0.00680272108843537,0.0612244897959184,0.0408163265306122,0.0136054421768707,0.0272108843537415,0.0136054421768707,0.0408163265306122,0.0136054421768707,0.00680272108843537,0.0136054421768707,0.00680272108843537,0.054421768707483,0.0816326530612245,0.0680272108843537,0.0612244897959184,0.0204081632653061,0.122448979591837
negative|P22079|PER,0.122362869198312,0.0337552742616034,0.0506329113924051,0.0365682137834037,0.106891701828411,0.0365682137834037,0.0070323488045007,0.0112517580872011,0.00984528832630099,0.0281293952180028,0.0646976090014065,0.00562587904360056,0.0140646976090014,0.0154711673699015,0.0393811533052039,0.0309423347398031,0.0112517580872011,0.0140646976090014,0.00843881856540084,0.0393811533052039,0.0942334739803094,0.0351617440225035,0.0492264416315049,0.0337552742616034,0.10126582278481
negative|P04280|PRP,0.0716112531969309,0,0.0434782608695652,0.010230179028133,0.130434782608696,0,0,0,0,0,0.00255754475703325,0,0,0,0.0869565217391304,0.0051150895140665,0,0.010230179028133,0.0051150895140665,0.00255754475703325,0.173913043478261,0,0.0358056265984655,0.00767263427109974,0.414322250639386
negative|Q92626|PXD,0.115020297699594,0.0331529093369418,0.0453315290933694,0.040595399188092,0.122462787550744,0.0223274695534506,0.0047361299052774,0.0148849797023004,0.0081190798376184,0.0250338294993234,0.0554803788903924,0.010148849797023,0.0155615696887686,0.0121786197564276,0.0399188092016238,0.040595399188092,0.0060893098782138,0.0148849797023004,0.0081190798376184,0.0365358592692828,0.122462787550744,0.0209742895805142,0.0426251691474966,0.037212449255751,0.105548037889039
negative|Q16769|QPC,0.166666666666667,0.025,0.05,0.0444444444444444,0.0972222222222222,0.0333333333333333,0.0138888888888889,0.00833333333333333,0.00833333333333333,0.0333333333333333,0.0555555555555556,0.0194444444444444,0.0222222222222222,0.00833333333333333,0.0277777777777778,0.0388888888888889,0.00555555555555556,0.0194444444444444,0.0166666666666667,0.025,0.0888888888888889,0.0333333333333333,0.0333333333333333,0.0277777777777778,0.0972222222222222
negative|Q9BYZ8|REG,0.133757961783439,0.0382165605095541,0.0509554140127389,0.0382165605095541,0.0764331210191083,0.0509554140127389,0.0191082802547771,0.0254777070063694,0,0.0318471337579618,0.0191082802547771,0.0127388535031847,0.0318471337579618,0.0127388535031847,0.0764331210191083,0.0382165605095541,0.00636942675159236,0,0,0.0191082802547771,0.089171974522293,0.0509554140127389,0.0445859872611465,0.0127388535031847,0.121019108280255
negative|Q5VYX0|RNL,0.155425219941349,0.0205278592375367,0.0351906158357771,0.0439882697947214,0.129032258064516,0.0410557184750733,0.00879765395894428,0.00586510263929619,0.0175953079178886,0.00879765395894428,0.0117302052785924,0.0205278592375367,0.032258064516129,0.00879765395894428,0.0381231671554252,0.0527859237536657,0,0.00879765395894428,0.0117302052785924,0.0234604105571848,0.12316715542522,0.032258064516129,0.0293255131964809,0.0146627565982405,0.126099706744868
negative|Q6FHJ7|SFR,0.11304347826087,0.0173913043478261,0.0521739130434783,0.0260869565217391,0.11304347826087,0.0231884057971014,0.00289855072463768,0.00869565217391304,0.0115942028985507,0.0115942028985507,0.0550724637681159,0.00869565217391304,0.0318840579710145,0.0115942028985507,0.0753623188405797,0.0405797101449275,0.00579710144927536,0.0173913043478261,0.0144927536231884,0.0289855072463768,0.0898550724637681,0.0231884057971014,0.072463768115942,0.0434782608695652,0.101449275362319
negative|Q9GZM7|TIN,0.148068669527897,0.0343347639484979,0.0729613733905579,0.0257510729613734,0.0944206008583691,0.0257510729613734,0.0150214592274678,0.0128755364806867,0.00643776824034335,0.0343347639484979,0.0536480686695279,0.0128755364806867,0.0150214592274678,0.01931330472103,0.0343347639484979,0.0386266094420601,0.00643776824034335,0.0150214592274678,0.0128755364806867,0.0321888412017167,0.107296137339056,0.0257510729613734,0.0214592274678112,0.0407725321888412,0.0944206008583691
negative|O75888|TNF,0.160642570281124,0.0481927710843374,0.0481927710843374,0.0160642570281124,0.136546184738956,0.0281124497991968,0,0.00803212851405622,0.00401606425702811,0.0321285140562249,0.0562248995983936,0,0.0240963855421687,0.0160642570281124,0.036144578313253,0.0441767068273092,0,0.00803212851405622,0.00401606425702811,0.0200803212851406,0.120481927710843,0.0240963855421687,0.0441767068273092,0.036144578313253,0.0843373493975904
negative|Q7L8A9|VAS,0.123626373626374,0.0164835164835165,0.0549450549450549,0.0412087912087912,0.107142857142857,0.0164835164835165,0.010989010989011,0.021978021978022,0.00824175824175824,0.0137362637362637,0.0631868131868132,0.00824175824175824,0.043956043956044,0.032967032967033,0.0412087912087912,0.0604395604395604,0.00824175824175824,0.0247252747252747,0.0247252747252747,0.0137362637362637,0.0796703296703297,0.0274725274725275,0.043956043956044,0.0247252747252747,0.0879120879120879
negative|Q14508|WFD,0.121951219512195,0.016260162601626,0.024390243902439,0.032520325203252,0.16260162601626,0.00813008130081301,0,0,0,0.024390243902439,0.016260162601626,0,0,0.016260162601626,0.032520325203252,0.016260162601626,0,0.016260162601626,0,0.0569105691056911,0.186991869918699,0.024390243902439,0.024390243902439,0.040650406504065,0.178861788617886
negative|Q6ZMM2|ATL,0.147916666666667,0.03125,0.0625,0.025,0.108333333333333,0.0354166666666667,0.00625,0.0125,0.00625,0.0270833333333333,0.0541666666666667,0.0104166666666667,0.0166666666666667,0.0166666666666667,0.04375,0.025,0.0166666666666667,0.00833333333333333,0.00625,0.0270833333333333,0.1125,0.0229166666666667,0.0416666666666667,0.0291666666666667,0.10625
negative|Q9H324|ATS,0.142468239564428,0.0226860254083485,0.0426497277676951,0.0353901996370236,0.105263157894737,0.0217785843920145,0.00544464609800363,0.0136116152450091,0.00544464609800363,0.0254083484573503,0.0462794918330309,0.014519056261343,0.0190562613430127,0.0127041742286751,0.0553539019963702,0.02994555353902,0.00998185117967332,0.0127041742286751,0.0136116152450091,0.0326678765880218,0.107078039927405,0.0190562613430127,0.0607985480943739,0.0317604355716878,0.114337568058076
negative|Q8N8U9|BMP,0.0964912280701754,0.0175438596491228,0.0467836257309941,0.0277777777777778,0.115497076023392,0.0175438596491228,0.00292397660818713,0.0087719298245614,0.0160818713450292,0.0307017543859649,0.0453216374269006,0.0116959064327485,0.0204678362573099,0.0131578947368421,0.0511695906432749,0.043859649122807,0.00730994152046784,0.00584795321637427,0.00730994152046784,0.0350877192982456,0.0994152046783626,0.0365497076023392,0.0614035087719298,0.0350877192982456,0.146198830409357
negative|Q9Y3E2|BOL,0.25,0,0.0588235294117647,0.0367647058823529,0.132352941176471,0,0,0.0147058823529412,0.00735294117647059,0,0.0588235294117647,0.0147058823529412,0.0220588235294118,0.00735294117647059,0.0294117647058824,0.0441176470588235,0,0,0.0147058823529412,0.0294117647058824,0.117647058823529,0.00735294117647059,0.0367647058823529,0.0220588235294118,0.0955882352941176
negative|Q53S33|BOL,0.150943396226415,0.0377358490566038,0.10377358490566,0.0188679245283019,0.10377358490566,0.00943396226415094,0,0.00943396226415094,0.00943396226415094,0.0283018867924528,0.0849056603773585,0.00943396226415094,0.0377358490566038,0.0377358490566038,0.0188679245283019,0.0566037735849057,0.00943396226415094,0.0188679245283019,0.0188679245283019,0.00943396226415094,0.10377358490566,0,0.0283018867924528,0.0283018867924528,0.0660377358490566
negative|Q9GZN4|BSS,0.193037974683544,0.0284810126582278,0.0348101265822785,0.0379746835443038,0.158227848101266,0.0348101265822785,0.00316455696202532,0.00949367088607595,0,0.0189873417721519,0.0443037974683544,0.00316455696202532,0.00632911392405063,0.00949367088607595,0.0443037974683544,0.0316455696202532,0.00316455696202532,0.0158227848101266,0.00632911392405063,0.0189873417721519,0.145569620253165,0.0284810126582278,0.0411392405063291,0.0221518987341772,0.060126582278481
negative|Q8N4T0|CBP,0.0986238532110092,0.0596330275229358,0.0711009174311927,0.0229357798165138,0.0940366972477064,0.0596330275229358,0.0114678899082569,0.0298165137614679,0.00688073394495413,0.0321100917431193,0.0596330275229358,0.0206422018348624,0.0344036697247706,0.00688073394495413,0.0573394495412844,0.036697247706422,0.00458715596330275,0.00688073394495413,0.0137614678899083,0.018348623853211,0.0894495412844037,0.0435779816513761,0.036697247706422,0.0298165137614679,0.055045871559633
negative|Q49AH0|CDN,0.139784946236559,0.010752688172043,0.0537634408602151,0.0591397849462366,0.123655913978495,0.0268817204301075,0.010752688172043,0.00537634408602151,0.00537634408602151,0.021505376344086,0.0591397849462366,0.0161290322580645,0.010752688172043,0.021505376344086,0.0537634408602151,0.0591397849462366,0.010752688172043,0.0268817204301075,0.00537634408602151,0.032258064516129,0.102150537634409,0.021505376344086,0.0645161290322581,0.043010752688172,0.0161290322580645
negative|Q2WEN9|CEA,0.150943396226415,0.0283018867924528,0.0495283018867925,0.0259433962264151,0.158018867924528,0.0259433962264151,0.0117924528301887,0.00235849056603774,0,0.0330188679245283,0.0306603773584906,0.00471698113207547,0.00943396226415094,0.0141509433962264,0.0330188679245283,0.044811320754717,0.00471698113207547,0.00707547169811321,0.00471698113207547,0.0235849056603774,0.160377358490566,0.0235849056603774,0.0235849056603774,0.0400943396226415,0.089622641509434
negative|Q7Z4R8|CF1,0.184210526315789,0.0315789473684211,0.0631578947368421,0.0473684210526316,0.115789473684211,0.0263157894736842,0.00526315789473684,0.00526315789473684,0.0210526315789474,0.0210526315789474,0.0578947368421053,0.00526315789473684,0.0105263157894737,0.00526315789473684,0.0263157894736842,0.068421052631579,0.0157894736842105,0,0.0421052631578947,0.0157894736842105,0.1,0.0263157894736842,0.0263157894736842,0.0263157894736842,0.0526315789473684
negative|Q6NUI6|CHA,0.189224704336399,0.0249671484888305,0.0735873850197109,0.0459921156373193,0.130091984231275,0.0210249671484888,0,0.0026281208935611,0.0026281208935611,0.0131406044678055,0.0735873850197109,0.00788436268068331,0.0183968462549277,0.00788436268068331,0.0367936925098555,0.0551905387647832,0.00131406044678055,0.0105124835742444,0.011826544021025,0.011826544021025,0.124835742444152,0.00525624178712221,0.0394218134034166,0.0223390275952694,0.0696452036793692
negative|O75596|CLC,0.142857142857143,0.0102040816326531,0.0663265306122449,0.0204081632653061,0.127551020408163,0.0306122448979592,0.00510204081632653,0.00510204081632653,0.00510204081632653,0.0204081632653061,0.0408163265306122,0.0204081632653061,0.0510204081632653,0.0255102040816327,0.0408163265306122,0.0561224489795918,0.0153061224489796,0.0153061224489796,0.0153061224489796,0.0153061224489796,0.0918367346938776,0.0153061224489796,0.0408163265306122,0.0510204081632653,0.0714285714285714
negative|Q6UX73|CP0,0.14713216957606,0.0423940149625935,0.0324189526184539,0.0423940149625935,0.119700748129676,0.0399002493765586,0.00997506234413965,0.0149625935162095,0.00249376558603491,0.0349127182044888,0.0423940149625935,0.0124688279301746,0.0124688279301746,0.0124688279301746,0.0324189526184539,0.0374064837905237,0.00997506234413965,0.0124688279301746,0.0124688279301746,0.0349127182044888,0.117206982543641,0.027431421446384,0.0399002493765586,0.0374064837905237,0.0723192019950125
negative|Q9NQ79|CRA,0.159090909090909,0.0363636363636364,0.0378787878787879,0.0515151515151515,0.116666666666667,0.0303030303030303,0.00606060606060606,0.0121212121212121,0.0106060606060606,0.0257575757575758,0.0439393939393939,0.0136363636363636,0.00909090909090909,0.0166666666666667,0.0257575757575758,0.0606060606060606,0.00757575757575758,0.0121212121212121,0.0151515151515152,0.0333333333333333,0.106060606060606,0.0212121212121212,0.0378787878787879,0.0348484848484849,0.0757575757575758
negative|Q01523|DEF,0.182795698924731,0.010752688172043,0.0537634408602151,0.032258064516129,0.150537634408602,0.010752688172043,0,0.010752688172043,0,0.010752688172043,0.043010752688172,0,0,0.010752688172043,0.0537634408602151,0.032258064516129,0,0.010752688172043,0.021505376344086,0.032258064516129,0.150537634408602,0.021505376344086,0.043010752688172,0.032258064516129,0.0860215053763441
negative|Q96BH3|ESP,0.0540540540540541,0.0720720720720721,0.0225225225225225,0.0135135135135135,0.0675675675675676,0.027027027027027,0.00900900900900901,0.027027027027027,0.0135135135135135,0.112612612612613,0.0315315315315315,0.0225225225225225,0.0045045045045045,0.0135135135135135,0.036036036036036,0.00900900900900901,0.00900900900900901,0.0135135135135135,0.0225225225225225,0.0405405405405405,0.103603603603604,0.0765765765765766,0.0405405405405405,0.0315315315315315,0.126126126126126
negative|Q6KF10|GDF,0.107929515418502,0.0418502202643172,0.0506607929515418,0.0462555066079295,0.10352422907489,0.0286343612334802,0.00220264317180617,0.013215859030837,0.0154185022026432,0.0176211453744493,0.052863436123348,0.00220264317180617,0.0308370044052863,0.0154185022026432,0.0484581497797357,0.0594713656387665,0.00881057268722467,0.00881057268722467,0.0110132158590308,0.0220264317180617,0.0991189427312775,0.0220264317180617,0.0484581497797357,0.0220264317180617,0.121145374449339
negative|Q8WWQ2|HPS,0.16243654822335,0.0287648054145516,0.077834179357022,0.0304568527918782,0.104906937394247,0.0439932318104907,0.00676818950930626,0.0050761421319797,0.0050761421319797,0.0219966159052453,0.0609137055837563,0.00676818950930626,0.0253807106598985,0.011844331641286,0.0575296108291032,0.027072758037225,0.0101522842639594,0.0152284263959391,0.0050761421319797,0.0152284263959391,0.1082910321489,0.0304568527918782,0.0406091370558376,0.0203045685279188,0.077834179357022
negative|Q6UW32|IGF,0.137614678899083,0.018348623853211,0.0275229357798165,0.00917431192660551,0.137614678899083,0.0275229357798165,0.00917431192660551,0.00917431192660551,0.0275229357798165,0.018348623853211,0.055045871559633,0.00917431192660551,0.018348623853211,0,0.0458715596330275,0.00917431192660551,0,0.018348623853211,0.018348623853211,0.0275229357798165,0.0917431192660551,0.055045871559633,0.055045871559633,0.018348623853211,0.155963302752294
negative|Q9NPH9|IL2,0.123529411764706,0.0294117647058824,0.0823529411764706,0.0294117647058824,0.111764705882353,0.0470588235294118,0.0117647058823529,0.0176470588235294,0,0.0176470588235294,0.0764705882352941,0.00588235294117647,0.0470588235294118,0.00588235294117647,0.0647058823529412,0.0294117647058824,0.00588235294117647,0.00588235294117647,0.0176470588235294,0.0117647058823529,0.0941176470588235,0.0411764705882353,0.0470588235294118,0.0176470588235294,0.0588235294117647
negative|Q8NEV9|IL2,0.177685950413223,0.0371900826446281,0.0537190082644628,0.0247933884297521,0.136363636363636,0.0206611570247934,0,0.0165289256198347,0,0.0371900826446281,0.0619834710743802,0.012396694214876,0.0247933884297521,0.012396694214876,0.0165289256198347,0.0330578512396694,0.00413223140495868,0.012396694214876,0.0495867768595041,0.012396694214876,0.132231404958678,0.0206611570247934,0.0206611570247934,0.0247933884297521,0.0578512396694215
negative|P24001|IL3,0.133047210300429,0.0300429184549356,0.0386266094420601,0.0386266094420601,0.0987124463519313,0.0214592274678112,0.0171673819742489,0.0171673819742489,0.00858369098712446,0.0300429184549356,0.0600858369098712,0.00858369098712446,0.00429184549356223,0.0300429184549356,0.0257510729613734,0.0343347639484979,0.00429184549356223,0.0343347639484979,0.0343347639484979,0.0429184549356223,0.0858369098712446,0.0343347639484979,0.0386266094420601,0.0386266094420601,0.0901287553648069
negative|P54317|LIP,0.11965811965812,0.0363247863247863,0.0491452991452991,0.0491452991452991,0.10042735042735,0.032051282051282,0.00641025641025641,0.0106837606837607,0.0106837606837607,0.0448717948717949,0.0576923076923077,0.0106837606837607,0.0128205128205128,0.00641025641025641,0.0277777777777778,0.0427350427350427,0.0128205128205128,0.0106837606837607,0.0192307692307692,0.0384615384615385,0.10042735042735,0.0384615384615385,0.032051282051282,0.0384615384615385,0.0918803418803419
negative|Q8TAX7|MUC,0.0585106382978723,0.00531914893617021,0.0186170212765957,0.00797872340425532,0.151595744680851,0.0132978723404255,0,0.00265957446808511,0.00265957446808511,0.0132978723404255,0.0106382978723404,0.0106382978723404,0.0265957446808511,0.0106382978723404,0.0398936170212766,0.0106382978723404,0,0.00797872340425532,0.00265957446808511,0.0319148936170213,0.146276595744681,0.0159574468085106,0.0425531914893617,0.0292553191489362,0.340425531914894
negative|Q8TB73|NDN,0.0793650793650794,0.0352733686067019,0.0617283950617284,0.0335097001763668,0.0970017636684303,0.0335097001763668,0.0141093474426808,0.0158730158730159,0.00705467372134039,0.0317460317460317,0.0511463844797178,0.0194003527336861,0.0211640211640212,0.0211640211640212,0.0511463844797178,0.0493827160493827,0.00705467372134039,0.0141093474426808,0.0194003527336861,0.0282186948853616,0.091710758377425,0.0264550264550265,0.0511463844797178,0.037037037037037,0.102292768959436
negative|Q6UWY5|OLF,0.154613466334165,0.0498753117206983,0.0399002493765586,0.0399002493765586,0.0922693266832918,0.0399002493765586,0.00498753117206983,0.0124688279301746,0.00748129675810474,0.029925187032419,0.0498753117206983,0.00997506234413965,0.0199501246882793,0.00997506234413965,0.0523690773067332,0.027431421446384,0.0124688279301746,0.0199501246882793,0.0224438902743142,0.0249376558603491,0.102244389027431,0.0174563591022444,0.0523690773067332,0.027431421446384,0.0798004987531172
negative|Q9BZM2|PA2,0.119760479041916,0.029940119760479,0.0359281437125748,0.0239520958083832,0.11377245508982,0.0239520958083832,0.00598802395209581,0.0119760479041916,0.0179640718562874,0.029940119760479,0.029940119760479,0.0119760479041916,0.00598802395209581,0.0179640718562874,0.0419161676646707,0.0359281437125748,0.0119760479041916,0.0239520958083832,0.0179640718562874,0.029940119760479,0.107784431137725,0.029940119760479,0.029940119760479,0.0419161676646707,0.149700598802395
negative|Q9BSG0|PAD,0.165775401069519,0.0481283422459893,0.0427807486631016,0.0427807486631016,0.117647058823529,0.053475935828877,0.0213903743315508,0.0106951871657754,0.0106951871657754,0.0213903743315508,0.0427807486631016,0.0106951871657754,0.0053475935828877,0.0160427807486631,0.0213903743315508,0.0374331550802139,0.0106951871657754,0.0106951871657754,0,0.0427807486631016,0.112299465240642,0.0320855614973262,0.0267379679144385,0.0320855614973262,0.0641711229946524
negative|Q96LB8|PGR,0.174731182795699,0.0456989247311828,0.0537634408602151,0.021505376344086,0.118279569892473,0.043010752688172,0.00537634408602151,0.00268817204301075,0.010752688172043,0.0268817204301075,0.0403225806451613,0.00537634408602151,0.0161290322580645,0.010752688172043,0.0376344086021505,0.0403225806451613,0,0.00537634408602151,0.00806451612903226,0.021505376344086,0.112903225806452,0.032258064516129,0.0349462365591398,0.0241935483870968,0.10752688172043
negative|Q5K4E3|POL,0.181498829039813,0.0304449648711944,0.0374707259953162,0.0327868852459016,0.139344262295082,0.0339578454332553,0.00702576112412178,0.00234192037470726,0.00468384074941452,0.0257611241217799,0.040983606557377,0.00702576112412178,0.00585480093676815,0.0105386416861827,0.0281030444964871,0.0386416861826698,0.00351288056206089,0.00702576112412178,0.0105386416861827,0.0339578454332553,0.125292740046838,0.0257611241217799,0.0398126463700234,0.0351288056206089,0.0925058548009368
negative|Q96NZ9|PRA,0.16,0.0466666666666667,0.04,0.02,0.0933333333333333,0.02,0,0.0133333333333333,0.00666666666666667,0.0133333333333333,0.08,0.00666666666666667,0.0133333333333333,0.0133333333333333,0.04,0.00666666666666667,0,0.04,0.0533333333333333,0.0666666666666667,0.0866666666666667,0,0.0466666666666667,0.0733333333333333,0.06
negative|Q8IVN8|SBS,0.064638783269962,0.0342205323193916,0.0456273764258555,0.0494296577946768,0.0950570342205323,0.0380228136882129,0,0.0114068441064639,0.00760456273764259,0.0456273764258555,0.0342205323193916,0.0152091254752852,0.0152091254752852,0.0114068441064639,0.0532319391634981,0.0190114068441065,0.0152091254752852,0.0152091254752852,0.00760456273764259,0.0418250950570342,0.133079847908745,0.0380228136882129,0.0418250950570342,0.0228136882129278,0.144486692015209
negative|Q8IX30|SCU,0.092741935483871,0.0181451612903226,0.0564516129032258,0.0292338709677419,0.107862903225806,0.0171370967741935,0.00504032258064516,0.0110887096774194,0.0120967741935484,0.0201612903225806,0.0544354838709677,0.00705645161290323,0.0201612903225806,0.0191532258064516,0.0564516129032258,0.0413306451612903,0.00504032258064516,0.0131048387096774,0.0161290322580645,0.0383064516129032,0.0977822580645161,0.030241935483871,0.0574596774193548,0.0372983870967742,0.136088709677419
negative|Q969D9|TSL,0.132911392405063,0.0506329113924051,0.0316455696202532,0.00632911392405063,0.126582278481013,0.0379746835443038,0,0.0126582278481013,0.0126582278481013,0.0443037974683544,0.0316455696202532,0.00632911392405063,0.0506329113924051,0.0126582278481013,0.0443037974683544,0.0189873417721519,0.0189873417721519,0.00632911392405063,0,0.0126582278481013,0.120253164556962,0.0316455696202532,0.0443037974683544,0.0253164556962025,0.120253164556962
negative|O15240|VGF,0.125407166123779,0.00977198697068404,0.0407166123778502,0.0635179153094463,0.10586319218241,0.00977198697068404,0,0.00488599348534202,0.00162866449511401,0.0179153094462541,0.0456026058631922,0.00488599348534202,0.0374592833876222,0.0146579804560261,0.0358306188925081,0.0684039087947883,0.00488599348534202,0.0244299674267101,0.0602605863192182,0.0374592833876222,0.0944625407166124,0.0146579804560261,0.0309446254071661,0.0553745928338762,0.0912052117263844
negative|P60827|C1Q,0.199203187250996,0.051792828685259,0.0717131474103586,0.0398406374501992,0.0916334661354582,0.0358565737051793,0.00398406374501992,0.0119521912350598,0.00796812749003984,0.0278884462151394,0.0637450199203187,0.00796812749003984,0.0199203187250996,0.0239043824701195,0.0398406374501992,0.051792828685259,0,0.0239043824701195,0,0.0119521912350598,0.103585657370518,0.0239043824701195,0.0278884462151394,0.0159362549800797,0.0438247011952191
negative|B2RNN3|C1T,0.135542168674699,0.0331325301204819,0.0662650602409639,0.0602409638554217,0.123493975903614,0.0150602409638554,0.00903614457831325,0.00602409638554217,0.00602409638554217,0.0301204819277108,0.0843373493975904,0.0150602409638554,0.00301204819277108,0.0120481927710843,0.0240963855421687,0.0391566265060241,0.00301204819277108,0.0240963855421687,0.0180722891566265,0.0271084337349398,0.141566265060241,0.00602409638554217,0.0391566265060241,0.0150602409638554,0.0632530120481928
negative|Q6UWK7|CJ0,0.125,0.0375,0.0875,0.0125,0.1,0.0125,0,0,0,0.0375,0.1125,0,0.0625,0,0.0375,0.0125,0,0,0,0.025,0.1,0.0125,0.0625,0.025,0.1375
negative|Q8IUH2|CRE,0.124567474048443,0.0207612456747405,0.0588235294117647,0.027681660899654,0.141868512110727,0.0346020761245675,0.0207612456747405,0.0069204152249135,0.00346020761245675,0.0242214532871972,0.0484429065743945,0.0069204152249135,0.0346020761245675,0.013840830449827,0.0380622837370242,0.0311418685121107,0.013840830449827,0.00346020761245675,0.027681660899654,0.0207612456747405,0.134948096885813,0.027681660899654,0.0380622837370242,0.0242214532871972,0.0726643598615917
negative|Q9NRR1|CYT,0.140740740740741,0.0222222222222222,0.0592592592592593,0.037037037037037,0.103703703703704,0.0296296296296296,0,0.00740740740740741,0,0.0444444444444444,0.0518518518518519,0.00740740740740741,0.0148148148148148,0.0296296296296296,0.0296296296296296,0.0222222222222222,0.0222222222222222,0.0222222222222222,0.00740740740740741,0.0296296296296296,0.111111111111111,0.0296296296296296,0.037037037037037,0.0296296296296296,0.111111111111111
negative|Q96LR4|F19,0.115107913669065,0.0215827338129496,0.0719424460431655,0.0287769784172662,0.107913669064748,0.0215827338129496,0.00719424460431655,0,0,0.0287769784172662,0.0863309352517986,0.0143884892086331,0.0143884892086331,0,0.0647482014388489,0.0215827338129496,0.00719424460431655,0.00719424460431655,0.0143884892086331,0.00719424460431655,0.0935251798561151,0.00719424460431655,0.0935251798561151,0.0143884892086331,0.151079136690647
negative|Q9BYJ0|FGF,0.0900900900900901,0.018018018018018,0.0720720720720721,0.0225225225225225,0.117117117117117,0.018018018018018,0.0135135135135135,0.018018018018018,0.0045045045045045,0.018018018018018,0.0495495495495495,0.00900900900900901,0.018018018018018,0.0135135135135135,0.0585585585585586,0.0315315315315315,0.00900900900900901,0.0045045045045045,0.0135135135135135,0.027027027027027,0.130630630630631,0.0225225225225225,0.036036036036036,0.0315315315315315,0.153153153153153
negative|P60985|KTD,0.13265306122449,0.0408163265306122,0.0612244897959184,0.0306122448979592,0.13265306122449,0.0408163265306122,0,0.0204081632653061,0.0204081632653061,0.0204081632653061,0.0714285714285714,0,0.0204081632653061,0,0.0408163265306122,0.0306122448979592,0.0102040816326531,0.0102040816326531,0.0306122448979592,0.0306122448979592,0.112244897959184,0.0510204081632653,0.0204081632653061,0.0306122448979592,0.0408163265306122
negative|Q99935|PRO,0.0850202429149798,0.0323886639676113,0.0283400809716599,0.00809716599190283,0.1417004048583,0.0364372469635627,0.0161943319838057,0.00809716599190283,0.00404858299595142,0.0404858299595142,0.0242914979757085,0.0161943319838057,0.00404858299595142,0,0.0364372469635627,0,0,0,0,0.0283400809716599,0.149797570850202,0.0404858299595142,0.0404858299595142,0.0161943319838057,0.242914979757085
negative|Q8N2E6|TOR,0.199170124481328,0.04149377593361,0.0829875518672199,0.016597510373444,0.107883817427386,0.0497925311203319,0,0.012448132780083,0.00829875518672199,0.020746887966805,0.0705394190871369,0.020746887966805,0.020746887966805,0.00829875518672199,0.0497925311203319,0.024896265560166,0.004149377593361,0.00829875518672199,0.004149377593361,0.012448132780083,0.103734439834025,0.024896265560166,0.045643153526971,0.016597510373444,0.045643153526971
negative|Q9BXJ3|C1Q,0.195121951219512,0.0518292682926829,0.0426829268292683,0.0274390243902439,0.115853658536585,0.0365853658536585,0.0121951219512195,0.00609756097560976,0.0182926829268293,0.0304878048780488,0.0365853658536585,0.00304878048780488,0.024390243902439,0.0152439024390244,0.0396341463414634,0.0518292682926829,0.0121951219512195,0.00609756097560976,0.0121951219512195,0.0121951219512195,0.11280487804878,0.024390243902439,0.0396341463414634,0.0213414634146341,0.0518292682926829
negative|Q9Y6N3|CLC,0.111111111111111,0.0459770114942529,0.0459770114942529,0.0229885057471264,0.111111111111111,0.0574712643678161,0.00766283524904215,0.0153256704980843,0.0153256704980843,0.0191570881226054,0.0459770114942529,0.0114942528735632,0.0114942528735632,0.0153256704980843,0.0498084291187739,0.0306513409961686,0.0114942528735632,0.0114942528735632,0.0153256704980843,0.0306513409961686,0.0919540229885057,0.0383141762452107,0.0498084291187739,0.0306513409961686,0.103448275862069
negative|Q1L6U9|MSM,0.181159420289855,0.0217391304347826,0.0434782608695652,0.0144927536231884,0.123188405797101,0.0289855072463768,0.0144927536231884,0.0072463768115942,0.0072463768115942,0.036231884057971,0.0289855072463768,0.0144927536231884,0.0072463768115942,0.0072463768115942,0.0579710144927536,0.0217391304347826,0.0144927536231884,0,0,0.036231884057971,0.115942028985507,0.0289855072463768,0.0579710144927536,0.0434782608695652,0.0869565217391304
negative|M5A8F1|SUP,0.132075471698113,0.00628930817610063,0.0440251572327044,0.0314465408805031,0.113207547169811,0.0251572327044025,0.0188679245283019,0.0251572327044025,0,0.0314465408805031,0.050314465408805,0.0125786163522013,0.0125786163522013,0.0125786163522013,0.0628930817610063,0.0125786163522013,0,0.00628930817610063,0.0125786163522013,0.0314465408805031,0.106918238993711,0.0628930817610063,0.0628930817610063,0.00628930817610063,0.119496855345912